imageId,gender
0,0.74716
1,0.35729
2,0.98673
3,0.02951
4,0.12619
5,0.25053
6,0.8793
7,0.32187
8,0.62363
9,0.24945
10,0.9231
11,0.50802
12,0.65616
13,0.30437
14,0.63976
15,0.85395
16,0.77984
17,0.03435
18,0.05929
19,0.37185
20,0.81587
21,0.84388
22,0.02934
23,0.63325
24,0.22308
25,0.03578
26,0.51142
27,0.57126
28,0.97913
29,0.36685
30,0.1601
31,0.03444
32,0.00529
33,0.58705
34,0.0029
35,0.83728
36,0.04441
37,0.4941
38,0.41238
39,0.20115
40,0.0952
41,0.73831
42,0.14531
43,0.5632
44,0.06708
45,0.59669
46,0.93222
47,0.66254
48,0.81885
49,0.56401
50,0.09036
51,0.30113
52,0.59337
53,0.81726
54,0.72421
55,0.51359
56,0.83542
57,0.64879
58,0.3649
59,0.00055
60,0.70094
61,0.87533
62,0.75167
63,0.92333
64,0.33416
65,0.00613
66,0.00455
67,0.02454
68,0.08615
69,0.90418
70,0.89355
71,0.49923
72,0.94654
73,0.96411
74,0.88975
75,0.01586
76,0.0806
77,0.26107
78,0.30036
79,0.043
80,0.97353
81,0.67881
82,0.51376
83,0.54335
84,0.07424
85,0.19696
86,0.06345
87,0.77464
88,0.17721
89,0.90267
90,0.83472
91,0.00191
92,0.94166
93,0.33277
94,0.55866
95,0.94539
96,0.32859
97,0.94004
98,0.01674
99,0.25295
100,0.36241
101,0.75282
102,0.54114
103,0.44785
104,0.23264
105,0.69167
106,0.92982
107,0.74285
108,0.0039
109,0.60182
110,0.72993
111,0.07953
112,0.6111
113,0.33967
114,0.67402
115,0.52111
116,0.67307
117,0.0053
118,0.88272
119,0.73911
120,0.00817
121,0.5413
122,0.76
123,0.91552
124,0.92895
125,0.98463
126,0.74061
127,0.73373
128,0.44292
129,0.01129
130,0.0126
131,0.55461
132,0.87435
133,0.61529
134,0.772
135,0.53199
136,0.7605
137,0.66753
138,0.29008
139,0.0468
140,0.5658
141,0.59038
142,0.90227
143,0.06173
144,0.77148
145,0.43234
146,0.91356
147,0.74853
148,1e-05
149,0.84015
150,0.30903
151,0.62507
152,0.77356
153,0.32312
154,0.04036
155,0.88854
156,0.02071
157,0.72612
158,0.03151
159,0.06377
160,0.11027
161,0.6113
162,0.72371
163,0.31487
164,0.72754
165,0.00106
166,0.45695
167,0.85177
168,0.03095
169,0.0057
170,0.89427
171,0.0037
172,0.97097
173,0.14991
174,0.01545
175,0.1722
176,0.3981
177,0.89321
178,0.03308
179,0.73169
180,0.02397
181,0.52349
182,0.79876
183,0.73592
184,0.48202
185,0.1469
186,0.8412
187,0.16599
188,0.00128
189,0.86113
190,0.87681
191,0.36146
192,0.39134
193,0.063
194,0.87961
195,0.75503
196,0.12755
197,0.93138
198,0.31308
199,0.90233
200,0.01739
201,0.8263
202,0.39723
203,0.7069
204,0.28745
205,0.60089
206,0.42957
207,0.9654
208,0.9074
209,0.7589
210,0.86095
211,0.48745
212,0.89501
213,0.83393
214,0.50942
215,0.00978
216,0.80934
217,0.8224
218,0.08723
219,0.89767
220,0.99208
221,0.00655
222,0.95596
223,0.0274
224,0.89527
225,0.09655
226,0.73031
227,0.87933
228,0.04901
229,0.82046
230,0.90143
231,0.94274
232,0.87268
233,0.93567
234,0.90607
235,0.14255
236,0.21735
237,0.88425
238,0.65713
239,0.61229
240,0.02204
241,0.11158
242,0.939
243,0.1833
244,0.3438
245,0.0913
246,0.96669
247,0.08628
248,0.00735
249,0.08515
250,0.86833
251,0.49348
252,0.90882
253,0.91269
254,0.92201
255,0.00394
256,0.45434
257,0.18103
258,0.97626
259,0.38789
260,0.01047
261,0.0033
262,0.00846
263,0.59102
264,0.38744
265,0.8718
266,0.69464
267,0.963
268,0.12535
269,0.59331
270,0.45015
271,0.698
272,0.76467
273,0.71912
274,0.61326
275,0.01339
276,0.48232
277,0.01158
278,0.04783
279,0.00067
280,0.00094
281,0.00043
282,0.38591
283,0.0185
284,0.64659
285,0.00574
286,0.35089
287,0.27996
288,0.37815
289,0.86094
290,0.52093
291,0.71628
292,0.58232
293,0.89376
294,0.93971
295,0.91874
296,0.68687
297,0.75419
298,0.34633
299,0.26354
300,0.75358
301,0.0982
302,0.15535
303,0.02083
304,0.0033
305,0.81145
306,0.45998
307,0.96933
308,0.91606
309,0.8906
310,0.24698
311,0.04778
312,0.5117
313,0.45188
314,0.26599
315,0.01489
316,0.23716
317,0.26625
318,0.55834
319,0.78606
320,0.90483
321,0.78632
322,0.93776
323,0.66338
324,0.69506
325,0.88116
326,0.89232
327,0.93206
328,0.55236
329,0.79003
330,0.93683
331,0.49975
332,0.94062
333,0.86137
334,0.19825
335,0.21657
336,0.08231
337,0.38892
338,0.00183
339,0.13044
340,0.53298
341,0.51507
342,0.51352
343,0.01683
344,0.1361
345,0.08943
346,0.29745
347,0.02409
348,0.94787
349,0.02736
350,0.29182
351,0.97061
352,0.03862
353,0.82748
354,0.10412
355,0.83315
356,0.86169
357,0.88485
358,0.92477
359,0.25703
360,0.82655
361,0.91339
362,0.29646
363,0.7049
364,0.77671
365,0.82071
366,0.03993
367,0.86199
368,0.47218
369,0.43572
370,0.65212
371,0.72195
372,0.63898
373,0.77416
374,0.08253
375,0.95528
376,0.40528
377,0.737
378,0.24073
379,0.95326
380,0.73881
381,0.00875
382,0.92601
383,0.5137
384,0.03056
385,0.131
386,0.08166
387,0.02018
388,0.88459
389,0.88591
390,0.37179
391,0.80643
392,0.53484
393,0.02163
394,0.6735
395,0.77974
396,0.5726
397,0.00484
398,0.07942
399,0.57172
400,0.76899
401,0.77511
402,0.02298
403,0.31035
404,0.4903
405,0.78524
406,0.5081
407,0.91413
408,0.06428
409,0.19416
410,0.68046
411,0.03208
412,0.90071
413,0.41769
414,0.56238
415,0.24949
416,0.93956
417,0.10326
418,0.72877
419,0.26644
420,0.95389
421,0.23028
422,0.7398
423,0.77922
424,0.81841
425,0.05065
426,0.00326
427,0.26803
428,0.09232
429,0.69017
430,0.94186
431,0.87487
432,0.45245
433,0.10874
434,0.19191
435,0.48191
436,0.23628
437,0.15678
438,0.8966
439,0.70848
440,0.87671
441,0.94359
442,0.64939
443,0.67099
444,0.1075
445,0.20052
446,0.85923
447,0.77883
448,0.60766
449,0.28354
450,0.72215
451,0.83102
452,0.83269
453,0.00133
454,0.6264
455,0.90478
456,0.21322
457,0.6289
458,0.90363
459,0.38722
460,0.03616
461,0.16516
462,0.86335
463,0.00921
464,0.82888
465,0.00033
466,0.75678
467,0.83526
468,0.98277
469,0.89066
470,0.03313
471,0.87609
472,0.00877
473,0.90084
474,0.67183
475,0.59615
476,0.02925
477,0.22915
478,0.63294
479,0.26319
480,0.02224
481,0.84843
482,0.24527
483,0.99487
484,0.85099
485,0.00837
486,0.24681
487,0.75795
488,0.77023
489,0.27634
490,0.00134
491,0.91526
492,0.21145
493,0.77086
494,0.00675
495,0.86782
496,0.08354
497,0.2415
498,0.86712
499,0.03688
500,0.17791
501,0.93097
502,0.82063
503,0.94487
504,0.8831
505,0.92534
506,0.437
507,0.74074
508,0.48322
509,0.77136
510,0.86985
511,0.24269
512,0.91153
513,0.75502
514,0.84317
515,0.84519
516,0.15084
517,0.75408
518,0.40858
519,0.81953
520,0.58768
521,0.82427
522,0.02883
523,0.60196
524,0.86696
525,0.00848
526,0.01705
527,0.82614
528,0.83295
529,0.00867
530,0.49574
531,0.95044
532,0.2806
533,0.03256
534,0.00966
535,0.7316
536,0.17891
537,0.7439
538,0.00869
539,0.0029
540,0.2416
541,0.06316
542,0.93335
543,0.00094
544,0.49987
545,0.46465
546,0.81449
547,0.8697
548,0.38611
549,0.30942
550,0.69971
551,0.92385
552,0.22678
553,0.50605
554,0.29193
555,0.12722
556,0.38163
557,0.19708
558,0.20376
559,0.67457
560,0.30674
561,0.73095
562,0.92029
563,0.92882
564,0.81477
565,0.86246
566,0.00503
567,0.04826
568,0.86121
569,0.83417
570,0.78706
571,0.07081
572,0.65119
573,0.91044
574,0.74751
575,0.82945
576,0.0288
577,0.00519
578,0.56846
579,0.5902
580,0.91642
581,0.02591
582,0.00158
583,0.51844
584,0.02833
585,0.90061
586,0.09504
587,0.78398
588,0.33009
589,0.78962
590,0.0642
591,0.31988
592,0.87259
593,0.68283
594,0.80965
595,0.13868
596,0.85646
597,0.97515
598,0.01065
599,0.0451
600,0.01593
601,0.88161
602,0.969
603,0.03099
604,0.77477
605,0.14453
606,0.13025
607,0.62471
608,0.14448
609,0.68515
610,0.64618
611,0.01622
612,0.05101
613,0.5848
614,0.9537
615,0.02523
616,0.775
617,0.62754
618,0.05232
619,0.23043
620,0.98489
621,0.02668
622,0.00729
623,0.6158
624,0.56521
625,0.95212
626,0.7548
627,0.88703
628,0.82385
629,0.8521
630,0.88558
631,0.53896
632,0.70149
633,0.84029
634,0.74066
635,0.50476
636,0.55633
637,0.75651
638,0.10648
639,0.55196
640,0.07843
641,0.44579
642,0.68217
643,0.58026
644,0.21653
645,0.03349
646,0.75902
647,0.3569
648,0.20125
649,0.56867
650,0.59723
651,0.08887
652,0.62703
653,0.00579
654,0.79556
655,0.02961
656,0.57623
657,0.5289
658,0.86356
659,0.10091
660,0.70771
661,0.34427
662,0.92907
663,0.81314
664,0.00415
665,0.53561
666,0.96565
667,0.90257
668,0.10549
669,0.01082
670,0.77152
671,0.75804
672,0.00111
673,0.61649
674,0.94656
675,0.69581
676,0.91801
677,0.23633
678,0.76243
679,0.46002
680,0.16305
681,0.82628
682,0.01446
683,0.00854
684,0.02629
685,0.02961
686,0.83966
687,0.08684
688,0.89437
689,0.73721
690,0.0063
691,0.21819
692,0.00843
693,0.68294
694,0.83378
695,0.01414
696,0.01753
697,0.01378
698,0.45173
699,0.09446
700,0.72798
701,0.86287
702,0.12375
703,0.43063
704,0.28873
705,0.00279
706,0.97956
707,0.83967
708,0.87202
709,0.322
710,0.77276
711,0.89818
712,0.76845
713,0.18702
714,0.81305
715,0.67683
716,0.59778
717,0.80267
718,0.88659
719,0.0805
720,0.83662
721,0.89828
722,0.69788
723,0.81996
724,0.00262
725,0.70143
726,0.14614
727,0.37729
728,0.72108
729,0.69219
730,0.03361
731,0.5824
732,0.01517
733,0.01423
734,0.62219
735,0.15252
736,0.01905
737,0.23753
738,0.69811
739,0.80468
740,0.04907
741,0.59909
742,0.84859
743,0.43247
744,0.57794
745,0.08479
746,0.74936
747,0.86707
748,0.7405
749,0.59577
750,0.56094
751,0.95998
752,0.50953
753,0.69504
754,0.27605
755,0.60724
756,0.97741
757,0.00299
758,0.3427
759,0.85487
760,0.07188
761,0.9263
762,0.9191
763,0.75985
764,0.64901
765,0.55018
766,0.50747
767,0.74024
768,0.00284
769,0.89302
770,0.89147
771,0.84248
772,0.159
773,0.92754
774,0.4887
775,0.44114
776,0.79913
777,0.03128
778,0.74896
779,0.17939
780,0.4435
781,0.31651
782,0.12711
783,0.63945
784,0.02283
785,0.6486
786,0.97429
787,0.8486
788,0.84532
789,0.89918
790,0.93178
791,0.02907
792,0.91715
793,0.34729
794,0.52651
795,0.39396
796,0.00197
797,0.94085
798,0.98858
799,0.47177
800,0.79871
801,0.03498
802,0.27825
803,0.90893
804,0.88362
805,0.10972
806,0.02637
807,0.62801
808,0.96989
809,0.73203
810,0.02806
811,0.77802
812,0.26115
813,0.71447
814,0.41725
815,0.86667
816,0.01453
817,0.91647
818,0.71621
819,0.87698
820,0.38793
821,0.391
822,0.18864
823,0.00916
824,0.39666
825,0.9178
826,0.9401
827,0.16161
828,0.72129
829,0.34258
830,0.69349
831,0.00471
832,0.03482
833,0.72058
834,0.49169
835,0.9915
836,0.86241
837,0.72636
838,0.00481
839,0.12306
840,0.71202
841,0.03248
842,0.89659
843,0.18704
844,0.60075
845,0.75584
846,0.02383
847,0.89164
848,0.22087
849,0.16287
850,0.90418
851,0.94715
852,0.18024
853,0.02977
854,0.81588
855,0.90528
856,0.8779
857,0.00087
858,0.04388
859,0.02761
860,0.77444
861,0.45813
862,0.37313
863,0.52129
864,0.85883
865,0.79907
866,0.30391
867,0.42646
868,0.3385
869,0.91208
870,0.79146
871,0.40618
872,0.04035
873,0.743
874,0.63491
875,0.38164
876,0.80005
877,0.48596
878,0.73156
879,0.9004
880,0.02477
881,0.03309
882,0.03641
883,0.82605
884,0.93316
885,0.96527
886,0.12228
887,0.73726
888,0.60651
889,0.69892
890,0.03348
891,0.79616
892,0.80984
893,0.48594
894,0.01339
895,0.34054
896,0.36343
897,0.4362
898,0.00616
899,0.71829
900,0.88124
901,0.35466
902,0.95766
903,0.87541
904,0.06752
905,4e-05
906,0.87789
907,0.75639
908,0.75412
909,0.02631
910,0.21982
911,0.0757
912,0.48389
913,0.79841
914,0.42418
915,0.93392
916,0.93571
917,0.10568
918,0.89106
919,0.85364
920,0.78025
921,0.88183
922,0.81112
923,0.0738
924,0.95493
925,0.76841
926,0.32918
927,0.77624
928,0.69782
929,0.71024
930,0.73753
931,0.91636
932,0.21164
933,0.0052
934,0.00026
935,0.67936
936,0.05939
937,0.05253
938,0.19333
939,0.5392
940,0.86296
941,0.29406
942,0.80127
943,0.01091
944,0.02464
945,0.6499
946,0.75137
947,0.36784
948,0.55108
949,0.87891
950,0.40738
951,0.9363
952,0.00576
953,0.05668
954,0.80547
955,0.8892
956,0.75283
957,0.01716
958,0.13701
959,0.85183
960,0.76255
961,0.07209
962,0.01532
963,0.28213
964,0.17447
965,0.22183
966,0.94058
967,0.17039
968,0.79763
969,0.24857
970,0.15612
971,0.64221
972,0.77393
973,0.02744
974,0.12174
975,0.80434
976,0.0287
977,0.44759
978,0.90854
979,0.00673
980,0.82181
981,0.97434
982,0.75821
983,0.09603
984,0.78835
985,0.17117
986,0.58431
987,0.92481
988,0.07261
989,0.63442
990,0.80525
991,0.00416
992,0.90278
993,0.02845
994,0.45034
995,0.92266
996,0.83926
997,0.12087
998,0.82029
999,0.47968
1000,0.51314
1001,0.9636
1002,0.83149
1003,0.94828
1004,0.43198
1005,0.57326
1006,0.12413
1007,0.41637
1008,0.74742
1009,0.19876
1010,0.95179
1011,0.50001
1012,0.89856
1013,0.00784
1014,0.08499
1015,0.03124
1016,0.37857
1017,0.57583
1018,0.55382
1019,0.91428
1020,0.66817
1021,0.08602
1022,0.68422
1023,0.04864
1024,0.64091
1025,0.1274
1026,0.68819
1027,0.81216
1028,0.73308
1029,0.90395
1030,0.73268
1031,0.58883
1032,0.39891
1033,0.83335
1034,0.58833
1035,0.75977
1036,0.05121
1037,0.04752
1038,0.04721
1039,0.02253
1040,0.0004
1041,0.55336
1042,0.69524
1043,0.0303
1044,0.94336
1045,0.93632
1046,0.72636
1047,0.49443
1048,0.81906
1049,0.93253
1050,0.8146
1051,0.14925
1052,0.00139
1053,0.05766
1054,0.70674
1055,0.21584
1056,0.31803
1057,0.95355
1058,0.05756
1059,0.01066
1060,0.14397
1061,0.84447
1062,0.8545
1063,0.53067
1064,0.89358
1065,0.8777
1066,0.39223
1067,0.60742
1068,0.83935
1069,0.47074
1070,0.86759
1071,0.00228
1072,0.29987
1073,0.89588
1074,0.03501
1075,0.61923
1076,0.00038
1077,0.83921
1078,0.89746
1079,0.05794
1080,0.90584
1081,0.71066
1082,0.83739
1083,0.90315
1084,0.47379
1085,0.77758
1086,0.31134
1087,0.44079
1088,0.44153
1089,0.01556
1090,0.86378
1091,0.61056
1092,0.92045
1093,0.6643
1094,0.66964
1095,0.92838
1096,0.46807
1097,0.10646
1098,0.59637
1099,0.92654
1100,0.02893
1101,0.53672
1102,0.85205
1103,0.37907
1104,0.9328
1105,0.76214
1106,0.72211
1107,0.31909
1108,0.89129
1109,0.17957
1110,0.43899
1111,0.50983
1112,0.13113
1113,0.98118
1114,0.59883
1115,0.97337
1116,0.56091
1117,0.05549
1118,0.08941
1119,0.27628
1120,0.97926
1121,0.77908
1122,0.0777
1123,0.99014
1124,0.69356
1125,0.6577
1126,0.01373
1127,0.8741
1128,0.12766
1129,0.08311
1130,0.87628
1131,0.13768
1132,0.96464
1133,0.67123
1134,0.05388
1135,0.00272
1136,0.85834
1137,0.42848
1138,0.69154
1139,0.88644
1140,0.66016
1141,0.02623
1142,0.40003
1143,0.02756
1144,0.67745
1145,0.00445
1146,0.86474
1147,0.03765
1148,0.46417
1149,0.82444
1150,0.75811
1151,0.75236
1152,0.95256
1153,0.00657
1154,0.05524
1155,0.01068
1156,0.80083
1157,0.54425
1158,0.2823
1159,0.8356
1160,0.11278
1161,0.94494
1162,0.6074
1163,0.71846
1164,0.03039
1165,0.00719
1166,0.05594
1167,0.68988
1168,0.30797
1169,0.98062
1170,0.00991
1171,0.1743
1172,0.15049
1173,0.8882
1174,0.01468
1175,0.0876
1176,0.01364
1177,0.3502
1178,0.82639
1179,0.87961
1180,0.49442
1181,0.99105
1182,0.84495
1183,0.63099
1184,0.67129
1185,0.88422
1186,0.1548
1187,0.49647
1188,0.7033
1189,0.02693
1190,0.03726
1191,0.86348
1192,0.37485
1193,0.32819
1194,0.01742
1195,0.91233
1196,0.41199
1197,0.73155
1198,0.93342
1199,0.39527
1200,0.1662
1201,0.40826
1202,0.81889
1203,0.80158
1204,0.01128
1205,0.69677
1206,0.52006
1207,0.64508
1208,0.03194
1209,0.03977
1210,0.85951
1211,0.00717
1212,0.68302
1213,0.85801
1214,0.96242
1215,0.46661
1216,0.73634
1217,0.52434
1218,0.85779
1219,0.10574
1220,0.26856
1221,0.75018
1222,0.20589
1223,0.07843
1224,0.06059
1225,0.54951
1226,0.01529
1227,0.9614
1228,0.00037
1229,0.01977
1230,0.73106
1231,0.78974
1232,0.91757
1233,0.54946
1234,0.03456
1235,0.85895
1236,0.44886
1237,0.39439
1238,0.08597
1239,0.79084
1240,0.44121
1241,0.8924
1242,0.1221
1243,0.11801
1244,0.75823
1245,0.81954
1246,0.19473
1247,0.52259
1248,0.69571
1249,0.87781
1250,0.17095
1251,0.87922
1252,0.01204
1253,0.03221
1254,0.82063
1255,0.09155
1256,0.69216
1257,0.61449
1258,0.92919
1259,0.68491
1260,0.04799
1261,0.87866
1262,0.34469
1263,0.54683
1264,0.71088
1265,0.86387
1266,0.00057
1267,0.09447
1268,0.00981
1269,0.02255
1270,0.13448
1271,0.30338
1272,0.00837
1273,0.97078
1274,0.96772
1275,0.17649
1276,0.11102
1277,0.75756
1278,0.75691
1279,0.00178
1280,0.74823
1281,0.68467
1282,0.77299
1283,0.59212
1284,0.82188
1285,0.20121
1286,0.96659
1287,0.80047
1288,0.64343
1289,0.03291
1290,0.19783
1291,0.56379
1292,0.13903
1293,0.04225
1294,0.5935
1295,0.40682
1296,0.42315
1297,0.91796
1298,0.69145
1299,0.70914
1300,0.77143
1301,0.91429
1302,0.31962
1303,0.67387
1304,0.35346
1305,0.03881
1306,0.19823
1307,0.32173
1308,0.65793
1309,0.82781
1310,0.16614
1311,0.56722
1312,0.95243
1313,0.00046
1314,0.80443
1315,0.01011
1316,0.25678
1317,0.76844
1318,0.07094
1319,0.76865
1320,0.19001
1321,0.25893
1322,0.22179
1323,0.00993
1324,0.54485
1325,0.69743
1326,0.06095
1327,0.00629
1328,0.7243
1329,0.69097
1330,0.64833
1331,0.74721
1332,0.90532
1333,0.10946
1334,0.93969
1335,0.97392
1336,0.16683
1337,0.51672
1338,0.78477
1339,0.21947
1340,0.92536
1341,0.44081
1342,0.00106
1343,0.73394
1344,0.17927
1345,0.37179
1346,0.49449
1347,0.01145
1348,0.87699
1349,0.67698
1350,0.49384
1351,0.7082
1352,0.79325
1353,0.82339
1354,0.37716
1355,0.22147
1356,0.89986
1357,0.68794
1358,0.01584
1359,0.80861
1360,0.64287
1361,0.76959
1362,0.34738
1363,0.41382
1364,0.91576
1365,0.51075
1366,0.92225
1367,0.98388
1368,0.89271
1369,0.77466
1370,0.92857
1371,0.39779
1372,0.80636
1373,0.48309
1374,0.68892
1375,0.01022
1376,0.05025
1377,0.89144
1378,0.5286
1379,0.67076
1380,0.87271
1381,0.02537
1382,0.82471
1383,0.14075
1384,0.7625
1385,0.89616
1386,0.84807
1387,0.92243
1388,0.62215
1389,0.60357
1390,0.0226
1391,0.70042
1392,0.02712
1393,0.03728
1394,0.34429
1395,0.85705
1396,0.66567
1397,0.13804
1398,0.05093
1399,0.96335
1400,0.91914
1401,0.93802
1402,0.556
1403,0.13547
1404,0.00283
1405,0.0216
1406,0.00106
1407,0.70226
1408,0.84097
1409,0.90474
1410,0.00071
1411,0.9369
1412,0.71199
1413,0.9599
1414,0.81707
1415,0.81858
1416,0.02253
1417,0.7683
1418,0.55856
1419,0.978
1420,0.86463
1421,0.91576
1422,0.11274
1423,0.63378
1424,0.71075
1425,0.67604
1426,0.59904
1427,0.63199
1428,0.67934
1429,0.57784
1430,0.90015
1431,0.41292
1432,0.07587
1433,0.01073
1434,0.18872
1435,0.82238
1436,0.13584
1437,0.07049
1438,0.92592
1439,0.9141
1440,0.0137
1441,0.91108
1442,0.03087
1443,0.42697
1444,0.02789
1445,0.64469
1446,0.99527
1447,0.90456
1448,0.8287
1449,0.19479
1450,0.73307
1451,0.06818
1452,0.05813
1453,0.06594
1454,0.00214
1455,0.45937
1456,0.97538
1457,0.75484
1458,0.87625
1459,0.05243
1460,0.83688
1461,0.01182
1462,0.99912
1463,0.95749
1464,0.43357
1465,0.7163
1466,0.7807
1467,0.6491
1468,0.00189
1469,0.01123
1470,0.44948
1471,0.9563
1472,0.15832
1473,0.07125
1474,0.06052
1475,0.79517
1476,0.26322
1477,0.2841
1478,0.50627
1479,0.74031
1480,0.73258
1481,0.73492
1482,0.55064
1483,0.96969
1484,0.53622
1485,0.01233
1486,0.72799
1487,0.9623
1488,0.01113
1489,0.0857
1490,0.02586
1491,0.1651
1492,0.96482
1493,0.57372
1494,0.05263
1495,0.3914
1496,0.74909
1497,0.60461
1498,0.10076
1499,0.24168
1500,0.74253
1501,0.05432
1502,0.79099
1503,0.475
1504,0.38774
1505,0.52866
1506,0.70829
1507,0.32488
1508,0.27195
1509,0.10033
1510,0.85742
1511,0.50991
1512,0.67147
1513,0.00045
1514,0.84189
1515,0.97106
1516,0.77559
1517,0.67017
1518,0.5383
1519,0.00268
1520,0.97081
1521,0.0087
1522,0.741
1523,0.97766
1524,0.59656
1525,0.37437
1526,0.67284
1527,0.72902
1528,0.75862
1529,0.87856
1530,0.11362
1531,0.00309
1532,0.6179
1533,0.97004
1534,0.82038
1535,0.91809
1536,0.00766
1537,0.39167
1538,0.20484
1539,0.56435
1540,0.93938
1541,0.9705
1542,0.65172
1543,0.95159
1544,0.8097
1545,0.42817
1546,0.97986
1547,0.27329
1548,0.67101
1549,0.95858
1550,0.0073
1551,0.46612
1552,0.25734
1553,0.33679
1554,0.70654
1555,0.81098
1556,0.90115
1557,0.0878
1558,0.72223
1559,0.77643
1560,0.78931
1561,0.00039
1562,0.47395
1563,0.78691
1564,0.79827
1565,0.79447
1566,0.0233
1567,0.31554
1568,0.20054
1569,0.75783
1570,0.47366
1571,0.06518
1572,0.28782
1573,0.01489
1574,0.83901
1575,0.96126
1576,0.472
1577,0.01079
1578,0.39804
1579,0.72609
1580,0.23713
1581,0.8705
1582,0.58556
1583,0.39505
1584,0.44741
1585,0.00369
1586,0.63784
1587,0.95188
1588,0.48512
1589,0.02872
1590,0.79003
1591,0.58433
1592,0.0547
1593,0.19002
1594,0.85436
1595,0.73543
1596,0.08214
1597,0.5636
1598,0.54279
1599,0.7218
1600,0.72824
1601,0.00787
1602,0.82723
1603,0.01966
1604,0.14653
1605,0.76067
1606,0.01731
1607,0.87164
1608,0.87524
1609,0.91712
1610,0.07881
1611,0.08151
1612,0.07495
1613,0.25473
1614,0.57558
1615,0.8012
1616,0.64376
1617,0.72752
1618,0.04562
1619,0.00017
1620,0.22993
1621,0.82475
1622,0.1428
1623,0.2201
1624,0.9155
1625,0.64051
1626,0.38627
1627,0.16294
1628,0.44774
1629,0.86261
1630,0.87646
1631,0.59499
1632,0.0437
1633,0.63958
1634,0.15228
1635,0.83654
1636,0.03432
1637,0.71451
1638,0.75696
1639,0.94929
1640,0.94758
1641,0.65639
1642,0.87446
1643,0.72835
1644,0.89633
1645,0.15592
1646,0.01293
1647,0.10218
1648,0.88226
1649,0.03128
1650,0.41268
1651,0.93808
1652,0.98281
1653,0.41559
1654,0.60829
1655,0.07024
1656,0.93669
1657,0.85591
1658,0.79774
1659,0.8359
1660,0.92721
1661,0.02071
1662,0.221
1663,0.84813
1664,0.87762
1665,0.78676
1666,0.08773
1667,0.79784
1668,0.87114
1669,0.00925
1670,0.74544
1671,0.89564
1672,0.53325
1673,0.61859
1674,0.78838
1675,0.27839
1676,0.00928
1677,0.01326
1678,0.88903
1679,0.63553
1680,0.63927
1681,0.85088
1682,0.09826
1683,0.49243
1684,0.80159
1685,0.75531
1686,0.93887
1687,0.04593
1688,0.91633
1689,0.86796
1690,0.81228
1691,0.68923
1692,0.52698
1693,0.22149
1694,0.81512
1695,0.00825
1696,0.04843
1697,0.87884
1698,0.75919
1699,0.85393
1700,0.16165
1701,0.00649
1702,0.88888
1703,0.00632
1704,0.89085
1705,0.26971
1706,0.19097
1707,0.10832
1708,0.07243
1709,0.6762
1710,0.03294
1711,0.72685
1712,0.64927
1713,0.88042
1714,0.13099
1715,0.30253
1716,0.44937
1717,0.69853
1718,0.19104
1719,0.8238
1720,0.14275
1721,0.81234
1722,0.61709
1723,0.59762
1724,0.81464
1725,0.82274
1726,0.60307
1727,0.00776
1728,0.00092
1729,0.77834
1730,0.00028
1731,0.07026
1732,0.33373
1733,0.73942
1734,0.83613
1735,0.61508
1736,0.86409
1737,0.87262
1738,0.64648
1739,0.77218
1740,0.63287
1741,0.17851
1742,0.03366
1743,0.75642
1744,0.46917
1745,0.66962
1746,0.94278
1747,0.48305
1748,0.26102
1749,0.78805
1750,0.94238
1751,0.44949
1752,0.06138
1753,0.83878
1754,0.50651
1755,0.30375
1756,0.00033
1757,0.8316
1758,0.08987
1759,0.7921
1760,0.02034
1761,0.91744
1762,0.16311
1763,0.01028
1764,0.57724
1765,0.64988
1766,0.5572
1767,0.03075
1768,0.11597
1769,0.04778
1770,0.80026
1771,0.68894
1772,0.47938
1773,0.06675
1774,0.49007
1775,0.90871
1776,0.94768
1777,0.62166
1778,0.64231
1779,0.77969
1780,0.54842
1781,0.4716
1782,0.19737
1783,0.73346
1784,0.25653
1785,0.82657
1786,0.68702
1787,0.60237
1788,0.85394
1789,0.19541
1790,0.00042
1791,0.69249
1792,0.59703
1793,0.99126
1794,0.37429
1795,0.88507
1796,0.6776
1797,0.65892
1798,0.86503
1799,0.66167
1800,0.9308
1801,0.1922
1802,0.77777
1803,0.03892
1804,0.52439
1805,0.6724
1806,0.13055
1807,0.94415
1808,0.7096
1809,0.92454
1810,0.64693
1811,0.3386
1812,0.05476
1813,0.43885
1814,0.71956
1815,0.94488
1816,0.30036
1817,0.74371
1818,0.36778
1819,0.57894
1820,0.86899
1821,0.14932
1822,0.77851
1823,0.00039
1824,0.00378
1825,0.75679
1826,0.93705
1827,0.91602
1828,0.95025
1829,0.63615
1830,0.08538
1831,0.36722
1832,0.09391
1833,0.97941
1834,0.25393
1835,0.05225
1836,0.85467
1837,0.85727
1838,0.0097
1839,0.08287
1840,0.09076
1841,0.89991
1842,0.03681
1843,0.85507
1844,0.05289
1845,0.9384
1846,0.20063
1847,0.7156
1848,0.70873
1849,0.79968
1850,0.19966
1851,0.27773
1852,0.20183
1853,0.86183
1854,0.012
1855,0.24406
1856,0.75372
1857,0.9699
1858,0.37366
1859,0.55061
1860,0.20058
1861,0.86366
1862,0.89435
1863,0.3011
1864,0.56978
1865,0.89401
1866,0.66495
1867,0.08158
1868,0.55981
1869,0.72257
1870,0.96678
1871,0.37168
1872,0.66938
1873,0.18186
1874,0.88524
1875,0.94878
1876,0.13921
1877,0.10802
1878,0.85378
1879,0.13322
1880,0.91973
1881,0.941
1882,0.18599
1883,0.84202
1884,0.8052
1885,0.12504
1886,0.08568
1887,0.70055
1888,0.63675
1889,0.08481
1890,0.06124
1891,0.48047
1892,0.85204
1893,0.97845
1894,0.18052
1895,0.3208
1896,0.82924
1897,0.0211
1898,0.09973
1899,0.78077
1900,0.97826
1901,0.71358
1902,0.79007
1903,0.76201
1904,0.06479
1905,0.84659
1906,0.98293
1907,0.9229
1908,0.93195
1909,0.01092
1910,0.87478
1911,0.00688
1912,0.85303
1913,0.96837
1914,0.0172
1915,0.6779
1916,0.78077
1917,0.03273
1918,0.95701
1919,0.45057
1920,0.78899
1921,0.94036
1922,0.0014
1923,0.39991
1924,0.56612
1925,0.52382
1926,0.93725
1927,0.54711
1928,0.66746
1929,0.86786
1930,0.19787
1931,0.35771
1932,0.20453
1933,0.10495
1934,0.17477
1935,0.39061
1936,0.81963
1937,0.81053
1938,0.35105
1939,0.35672
1940,0.76039
1941,0.03423
1942,0.35457
1943,0.68702
1944,0.10106
1945,0.25045
1946,0.88147
1947,0.85188
1948,0.11427
1949,0.00051
1950,0.8502
1951,0.87517
1952,0.87334
1953,0.83887
1954,0.67144
1955,0.73874
1956,0.96948
1957,0.69653
1958,0.43084
1959,0.66098
1960,0.03719
1961,0.08514
1962,0.7088
1963,0.68358
1964,0.67224
1965,0.03198
1966,0.91642
1967,0.47611
1968,0.11729
1969,0.61136
1970,0.33685
1971,0.31045
1972,0.8344
1973,0.62433
1974,0.4452
1975,0.79299
1976,0.95243
1977,0.56303
1978,0.01772
1979,0.88964
1980,0.73421
1981,0.0562
1982,0.85475
1983,0.54505
1984,0.93901
1985,0.93675
1986,0.01311
1987,0.10588
1988,0.86912
1989,0.51465
1990,0.13273
1991,0.07107
1992,0.89487
1993,0.36949
1994,0.75313
1995,0.92105
1996,0.81491
1997,0.82188
1998,0.84514
1999,0.76169
2000,0.23267
2001,0.81782
2002,0.03987
2003,0.95904
2004,0.93022
2005,0.01015
2006,0.01794
2007,0.13584
2008,0.00259
2009,0.8247
2010,0.01001
2011,0.07947
2012,0.01368
2013,0.2198
2014,0.13098
2015,0.69593
2016,0.0103
2017,0.75515
2018,0.89189
2019,0.95493
2020,0.56298
2021,0.23101
2022,0.00715
2023,0.88152
2024,0.66481
2025,0.66305
2026,0.71695
2027,0.91121
2028,0.58147
2029,0.88023
2030,0.81468
2031,0.83916
2032,0.95932
2033,0.79178
2034,0.03604
2035,0.91151
2036,0.21802
2037,0.03721
2038,0.87162
2039,0.81602
2040,0.02735
2041,0.57225
2042,0.27572
2043,0.81337
2044,0.01693
2045,0.53463
2046,0.03227
2047,0.60506
2048,0.05704
2049,0.62509
2050,0.07433
2051,0.3638
2052,0.7137
2053,0.86515
2054,0.64403
2055,0.04752
2056,0.81318
2057,0.66858
2058,0.38308
2059,0.63127
2060,0.00625
2061,0.91078
2062,0.67303
2063,0.90874
2064,0.02868
2065,0.92994
2066,0.67614
2067,0.00326
2068,0.59847
2069,0.08479
2070,0.16645
2071,0.83419
2072,0.43735
2073,0.85628
2074,0.71583
2075,0.98021
2076,0.07217
2077,0.52037
2078,0.6481
2079,0.5236
2080,0.51261
2081,0.87621
2082,0.26688
2083,0.78277
2084,0.93266
2085,0.00015
2086,0.92719
2087,7e-05
2088,0.86723
2089,0.93727
2090,0.78773
2091,0.85179
2092,0.99393
2093,0.92017
2094,0.12979
2095,0.87199
2096,0.00114
2097,0.80596
2098,0.29685
2099,0.87998
2100,0.95281
2101,0.88544
2102,0.07276
2103,0.84735
2104,0.01558
2105,0.75075
2106,0.83957
2107,0.01476
2108,0.27392
2109,0.64667
2110,0.00222
2111,0.73135
2112,0.9248
2113,0.05067
2114,0.82841
2115,0.67477
2116,0.93672
2117,0.27586
2118,0.01248
2119,0.8183
2120,0.26611
2121,0.9197
2122,0.41562
2123,0.01415
2124,0.00847
2125,0.17325
2126,0.47379
2127,0.63632
2128,0.85221
2129,0.92066
2130,0.79408
2131,0.55955
2132,0.33233
2133,0.5212
2134,0.91118
2135,0.40924
2136,0.84664
2137,0.08653
2138,0.32155
2139,0.85641
2140,0.8647
2141,0.70497
2142,0.89012
2143,0.9378
2144,0.94167
2145,0.73436
2146,0.1179
2147,0.96896
2148,0.94949
2149,0.71689
2150,0.00191
2151,0.50604
2152,0.82704
2153,0.75041
2154,0.12722
2155,0.08204
2156,0.71685
2157,0.06565
2158,0.54067
2159,0.35362
2160,0.94896
2161,0.45868
2162,0.16432
2163,0.92873
2164,0.60525
2165,0.01269
2166,0.43735
2167,0.83323
2168,0.04649
2169,0.99109
2170,0.283
2171,0.98475
2172,0.88008
2173,0.27176
2174,0.56845
2175,0.77315
2176,0.86023
2177,0.81734
2178,0.62644
2179,0.16647
2180,0.59864
2181,0.04462
2182,0.88322
2183,0.87712
2184,0.00793
2185,0.00329
2186,0.63694
2187,0.64852
2188,0.88494
2189,0.95023
2190,0.89255
2191,0.00204
2192,0.83403
2193,0.68073
2194,0.00167
2195,0.00873
2196,0.22877
2197,0.90134
2198,0.96032
2199,0.57218
2200,0.11681
2201,0.12855
2202,0.66633
2203,0.79947
2204,0.91859
2205,0.72221
2206,0.66992
2207,0.00888
2208,0.85853
2209,0.2099
2210,0.01908
2211,0.81992
2212,0.35236
2213,0.78607
2214,0.06401
2215,0.15328
2216,0.8129
2217,0.03737
2218,0.85001
2219,0.36557
2220,0.88476
2221,0.83073
2222,0.48482
2223,0.61805
2224,0.81455
2225,0.64736
2226,0.85443
2227,0.00695
2228,0.91592
2229,0.83773
2230,0.00221
2231,0.07218
2232,0.77595
2233,0.85979
2234,0.9456
2235,0.0023
2236,0.80945
2237,0.03943
2238,0.04942
2239,0.341
2240,0.81407
2241,0.78777
2242,0.05389
2243,0.72914
2244,0.09775
2245,0.78057
2246,0.94375
2247,0.55915
2248,0.60494
2249,0.0281
2250,0.64143
2251,0.01404
2252,0.9002
2253,0.94862
2254,0.04296
2255,0.29729
2256,0.07913
2257,0.23934
2258,0.90306
2259,0.62816
2260,0.76362
2261,0.00739
2262,0.89288
2263,0.77912
2264,0.74036
2265,0.86159
2266,0.33153
2267,0.18482
2268,0.25272
2269,0.90887
2270,0.78178
2271,0.67996
2272,0.15538
2273,0.21591
2274,0.07005
2275,0.00896
2276,0.03746
2277,0.14293
2278,0.71342
2279,0.5013
2280,0.8759
2281,0.22698
2282,0.70382
2283,0.75564
2284,0.11321
2285,0.91823
2286,0.04897
2287,0.9475
2288,0.03661
2289,0.78734
2290,0.10001
2291,0.30102
2292,0.7889
2293,0.73011
2294,0.95291
2295,0.32238
2296,0.97762
2297,0.80892
2298,0.86352
2299,0.91769
2300,0.46229
2301,0.72003
2302,0.18626
2303,0.50576
2304,0.10556
2305,0.76215
2306,0.68474
2307,0.26481
2308,0.7647
2309,0.98377
2310,0.88972
2311,0.00137
2312,0.02738
2313,0.64767
2314,0.34423
2315,0.80862
2316,0.94688
2317,0.84258
2318,0.18391
2319,0.9623
2320,0.88795
2321,0.87813
2322,0.01979
2323,0.0224
2324,0.89223
2325,0.02905
2326,0.41445
2327,0.07273
2328,0.00811
2329,0.87747
2330,0.84896
2331,0.03134
2332,0.00459
2333,0.79809
2334,0.93709
2335,0.03196
2336,0.15134
2337,0.66925
2338,0.84454
2339,0.08781
2340,0.51522
2341,0.09065
2342,0.81896
2343,0.20911
2344,0.69033
2345,0.92391
2346,0.22687
2347,0.86153
2348,0.55506
2349,0.12458
2350,0.75413
2351,0.02953
2352,0.8041
2353,0.17215
2354,0.5582
2355,0.10824
2356,0.89313
2357,0.04616
2358,0.87227
2359,0.80692
2360,0.70798
2361,0.00572
2362,0.48458
2363,0.72234
2364,0.88439
2365,0.29042
2366,0.36486
2367,0.02057
2368,0.03428
2369,0.77164
2370,0.00048
2371,0.51541
2372,0.94816
2373,0.92875
2374,0.904
2375,0.08047
2376,0.98067
2377,0.00209
2378,0.66595
2379,0.85419
2380,0.55297
2381,0.51323
2382,0.139
2383,0.72219
2384,0.09466
2385,0.1468
2386,0.54739
2387,0.92614
2388,0.72992
2389,0.13786
2390,0.9491
2391,0.7441
2392,0.04182
2393,0.00031
2394,0.94893
2395,0.10837
2396,0.02125
2397,0.73559
2398,0.08922
2399,0.7431
2400,0.38587
2401,0.52803
2402,0.76867
2403,0.12936
2404,0.82094
2405,0.59348
2406,0.08142
2407,0.76799
2408,0.7198
2409,0.81216
2410,0.5074
2411,0.86877
2412,0.60134
2413,0.94298
2414,0.26249
2415,0.09402
2416,0.87652
2417,0.39284
2418,0.04738
2419,0.6381
2420,0.71143
2421,0.88556
2422,0.48091
2423,0.92138
2424,0.74428
2425,0.41054
2426,0.09118
2427,0.99072
2428,0.28556
2429,0.73225
2430,0.17883
2431,0.8877
2432,0.29518
2433,0.00386
2434,0.09138
2435,0.02129
2436,0.83886
2437,0.03465
2438,0.81563
2439,0.11755
2440,0.34008
2441,0.15801
2442,0.62695
2443,0.1867
2444,0.384
2445,0.00483
2446,0.02684
2447,0.11975
2448,0.01646
2449,0.29891
2450,0.84942
2451,0.01968
2452,0.76594
2453,0.00944
2454,0.76102
2455,0.88862
2456,0.41368
2457,0.7708
2458,0.97896
2459,0.93315
2460,0.61528
2461,0.86587
2462,0.664
2463,0.96645
2464,0.78063
2465,0.676
2466,0.00314
2467,0.05029
2468,0.04198
2469,0.31921
2470,0.82928
2471,0.36337
2472,0.01137
2473,0.94013
2474,0.36556
2475,0.8046
2476,0.55242
2477,0.88177
2478,0.95787
2479,0.93339
2480,0.66408
2481,0.89849
2482,0.78802
2483,0.84799
2484,0.48712
2485,0.56447
2486,0.00433
2487,0.00347
2488,0.54081
2489,0.28227
2490,0.6807
2491,0.72289
2492,0.03965
2493,0.48536
2494,0.30316
2495,0.26056
2496,0.0089
2497,0.81137
2498,0.09635
2499,0.14083
2500,0.00146
2501,0.77176
2502,0.94867
2503,0.23718
2504,0.00723
2505,0.01766
2506,0.80096
2507,0.05401
2508,0.77549
2509,0.53986
2510,0.8712
2511,0.80582
2512,0.92305
2513,0.56643
2514,0.55984
2515,0.1736
2516,0.60825
2517,0.91286
2518,0.38267
2519,0.0343
2520,0.72609
2521,0.85901
2522,0.03963
2523,0.79307
2524,0.00385
2525,0.10505
2526,0.45282
2527,0.93392
2528,0.23925
2529,0.0732
2530,0.01033
2531,0.75352
2532,0.83972
2533,0.82019
2534,0.89644
2535,0.46013
2536,0.84186
2537,0.71699
2538,0.89576
2539,0.14268
2540,0.21739
2541,0.79127
2542,0.78646
2543,0.04161
2544,0.88202
2545,0.00817
2546,0.77066
2547,0.69414
2548,0.96519
2549,0.38605
2550,0.92181
2551,0.78312
2552,0.93172
2553,0.61654
2554,0.02907
2555,0.00037
2556,0.60033
2557,0.02858
2558,0.80002
2559,0.02023
2560,0.65515
2561,0.63926
2562,0.11592
2563,0.78814
2564,0.09012
2565,0.01968
2566,0.98534
2567,0.55385
2568,0.30422
2569,0.00292
2570,0.46661
2571,0.55493
2572,0.49884
2573,0.14591
2574,0.60948
2575,0.30765
2576,0.57187
2577,0.00564
2578,0.13089
2579,0.02452
2580,0.14879
2581,0.76161
2582,0.03784
2583,0.23669
2584,0.22358
2585,0.68678
2586,0.87894
2587,0.92211
2588,0.70372
2589,0.02563
2590,0.9238
2591,0.70555
2592,0.03858
2593,0.25419
2594,0.85176
2595,0.43636
2596,0.2592
2597,0.6387
2598,0.86399
2599,0.98781
2600,0.74735
2601,0.4508
2602,0.08117
2603,0.75796
2604,0.64149
2605,0.99244
2606,0.11722
2607,0.01335
2608,0.84711
2609,0.93728
2610,0.84608
2611,0.65238
2612,0.91168
2613,0.72781
2614,0.94771
2615,0.19171
2616,0.0931
2617,0.70753
2618,0.03322
2619,0.2213
2620,0.05453
2621,0.82295
2622,0.28646
2623,0.91186
2624,0.99276
2625,0.78392
2626,0.00956
2627,0.54303
2628,0.53967
2629,0.34957
2630,0.7889
2631,0.68317
2632,0.8515
2633,0.04744
2634,0.25509
2635,0.81501
2636,0.04495
2637,0.83367
2638,0.57889
2639,0.00087
2640,0.68564
2641,0.02286
2642,0.00781
2643,0.61497
2644,0.67875
2645,0.30457
2646,0.88912
2647,0.89347
2648,0.55814
2649,0.81608
2650,0.83937
2651,0.78157
2652,0.06316
2653,0.83026
2654,0.2586
2655,0.34949
2656,0.59041
2657,0.0551
2658,0.9174
2659,0.9851
2660,0.84853
2661,0.8989
2662,0.92258
2663,0.8602
2664,0.87549
2665,0.31027
2666,0.24111
2667,0.25672
2668,0.73713
2669,0.00596
2670,0.13412
2671,0.2123
2672,0.9109
2673,0.50966
2674,0.05805
2675,0.84345
2676,0.24935
2677,0.80568
2678,0.97848
2679,0.44904
2680,0.86953
2681,0.24475
2682,0.54858
2683,0.81031
2684,0.84555
2685,0.00523
2686,0.69928
2687,0.01754
2688,0.42518
2689,0.01129
2690,0.63107
2691,0.44947
2692,0.52508
2693,0.18294
2694,0.1526
2695,0.00981
2696,0.18492
2697,0.65286
2698,0.02749
2699,0.09998
2700,0.14272
2701,0.17436
2702,0.68567
2703,0.02774
2704,0.93029
2705,0.8913
2706,0.06054
2707,0.92128
2708,0.7627
2709,0.2546
2710,0.84631
2711,0.40534
2712,0.95822
2713,0.0005
2714,0.41076
2715,0.39017
2716,0.24125
2717,0.75484
2718,0.74764
2719,0.02235
2720,0.64259
2721,0.11996
2722,0.90778
2723,0.70123
2724,0.02319
2725,0.81178
2726,0.92833
2727,0.91624
2728,0.61315
2729,0.67428
2730,0.78624
2731,0.26258
2732,0.33171
2733,0.01358
2734,0.95128
2735,0.00262
2736,0.90121
2737,0.04999
2738,0.49093
2739,0.54223
2740,0.08174
2741,0.79442
2742,0.92262
2743,0.87167
2744,0.5356
2745,0.78198
2746,0.4249
2747,0.78096
2748,0.50368
2749,0.17139
2750,0.92441
2751,0.88876
2752,0.79396
2753,0.74287
2754,0.70884
2755,0.66741
2756,0.18026
2757,0.761
2758,0.36467
2759,0.1757
2760,0.09569
2761,0.09636
2762,0.47494
2763,0.01696
2764,0.75375
2765,0.65958
2766,0.00206
2767,0.76845
2768,0.77252
2769,0.84005
2770,0.04669
2771,0.38628
2772,0.84155
2773,0.09572
2774,0.62305
2775,0.16771
2776,0.79458
2777,0.86628
2778,0.65329
2779,0.32039
2780,0.01727
2781,0.0502
2782,0.76523
2783,0.48582
2784,0.85516
2785,0.63701
2786,0.86471
2787,0.00455
2788,0.81853
2789,0.74397
2790,0.0004
2791,0.58511
2792,0.42926
2793,0.00013
2794,0.01215
2795,0.05049
2796,0.70022
2797,0.71865
2798,0.19382
2799,0.37508
2800,0.8426
2801,0.46232
2802,0.1976
2803,0.95798
2804,0.12815
2805,0.33964
2806,0.8106
2807,0.91615
2808,0.03524
2809,0.40695
2810,0.12502
2811,0.052
2812,0.69477
2813,0.17488
2814,0.34521
2815,0.9785
2816,0.70187
2817,0.8558
2818,0.09499
2819,0.77597
2820,0.0042
2821,0.016
2822,0.73931
2823,0.31653
2824,0.82076
2825,0.69549
2826,0.24783
2827,0.42048
2828,0.04345
2829,0.44996
2830,0.03227
2831,0.46435
2832,0.06888
2833,0.69522
2834,0.00842
2835,0.72697
2836,0.6775
2837,0.89308
2838,0.43911
2839,0.04702
2840,0.01639
2841,0.02455
2842,0.01207
2843,0.00391
2844,0.26671
2845,0.04764
2846,0.11736
2847,0.01948
2848,0.35844
2849,0.80048
2850,0.83932
2851,0.02577
2852,0.01873
2853,0.93688
2854,0.00607
2855,0.62263
2856,0.97924
2857,0.91783
2858,0.50029
2859,0.57476
2860,0.70192
2861,0.87899
2862,0.24858
2863,0.0525
2864,0.11478
2865,0.03985
2866,0.36403
2867,0.78689
2868,0.5888
2869,0.07858
2870,0.52334
2871,0.12633
2872,0.6758
2873,0.58004
2874,0.01694
2875,0.78855
2876,0.29166
2877,0.748
2878,0.11318
2879,0.75129
2880,0.77606
2881,0.7545
2882,0.96029
2883,0.81311
2884,0.05961
2885,0.40885
2886,0.01874
2887,0.86938
2888,0.87893
2889,0.73195
2890,0.19042
2891,0.87849
2892,0.82208
2893,0.78389
2894,0.34761
2895,0.00923
2896,0.07032
2897,0.81154
2898,0.79923
2899,0.35901
2900,0.86742
2901,0.02111
2902,0.20013
2903,0.63789
2904,0.09723
2905,0.87017
2906,0.03489
2907,0.95797
2908,0.00357
2909,0.1739
2910,0.91449
2911,0.93245
2912,0.87638
2913,0.68439
2914,0.34965
2915,0.56265
2916,0.05062
2917,0.28447
2918,0.75537
2919,0.01737
2920,0.07847
2921,0.09958
2922,0.37982
2923,0.8089
2924,0.74861
2925,0.92084
2926,0.00164
2927,0.02004
2928,0.02481
2929,0.36974
2930,0.38996
2931,0.43066
2932,0.45919
2933,0.83257
2934,0.14361
2935,0.84573
2936,0.27752
2937,0.14473
2938,0.49842
2939,0.21133
2940,0.7608
2941,0.03759
2942,0.92118
2943,0.34034
2944,0.71084
2945,0.69262
2946,0.86285
2947,0.10883
2948,0.28491
2949,0.56158
2950,0.81308
2951,0.03933
2952,0.9554
2953,0.48665
2954,0.64987
2955,0.74516
2956,0.75504
2957,0.97794
2958,0.57309
2959,0.6446
2960,0.00228
2961,0.20695
2962,0.11972
2963,0.50281
2964,0.29711
2965,0.10394
2966,0.61897
2967,0.51941
2968,0.89787
2969,0.0079
2970,0.94909
2971,0.1931
2972,0.65962
2973,0.74073
2974,0.02833
2975,0.01208
2976,0.6314
2977,0.76136
2978,0.16188
2979,0.79131
2980,0.11881
2981,0.03544
2982,0.74246
2983,0.67694
2984,0.83038
2985,0.92886
2986,0.02266
2987,0.86728
2988,0.41936
2989,0.8584
2990,0.92596
2991,0.05724
2992,0.85898
2993,0.06592
2994,0.68049
2995,0.65772
2996,0.89526
2997,0.07018
2998,0.45307
2999,0.00079
3000,0.79635
3001,0.88358
3002,0.31443
3003,0.30228
3004,0.78203
3005,0.11709
3006,0.58918
3007,0.50485
3008,0.53046
3009,0.81757
3010,0.90187
3011,0.0207
3012,0.97426
3013,0.73995
3014,0.10065
3015,0.90385
3016,0.56347
3017,0.00105
3018,0.92298
3019,0.90009
3020,0.33026
3021,0.06163
3022,0.49998
3023,0.50085
3024,0.3222
3025,0.79222
3026,0.02751
3027,0.13634
3028,0.95435
3029,0.84111
3030,0.68955
3031,0.22035
3032,0.81158
3033,0.96024
3034,0.36826
3035,0.76079
3036,0.88964
3037,0.84664
3038,0.66667
3039,0.49761
3040,0.85811
3041,0.91514
3042,0.01942
3043,0.09211
3044,0.03664
3045,0.81959
3046,0.67019
3047,0.89074
3048,0.09442
3049,0.74635
3050,0.80667
3051,0.74291
3052,0.09762
3053,0.01823
3054,0.95567
3055,0.60691
3056,0.64971
3057,0.86692
3058,0.30752
3059,0.8049
3060,0.02101
3061,0.32216
3062,0.4806
3063,0.86534
3064,0.93032
3065,0.77598
3066,0.44528
3067,0.80073
3068,0.85502
3069,0.26101
3070,0.21096
3071,0.85061
3072,0.23905
3073,0.64578
3074,0.0017
3075,0.70976
3076,0.09246
3077,0.64055
3078,0.0988
3079,0.75241
3080,0.33436
3081,0.05538
3082,0.81656
3083,0.62834
3084,0.74903
3085,0.20499
3086,0.76998
3087,0.40381
3088,0.03861
3089,0.99591
3090,0.94638
3091,0.92549
3092,0.78596
3093,0.23481
3094,0.22811
3095,0.4116
3096,0.66437
3097,0.93038
3098,0.02903
3099,0.10007
3100,0.50808
3101,0.3117
3102,0.60527
3103,0.16981
3104,0.86259
3105,0.00377
3106,0.18395
3107,0.86062
3108,0.80936
3109,0.88964
3110,0.93761
3111,0.44478
3112,0.62084
3113,0.83569
3114,0.84438
3115,0.7008
3116,0.81571
3117,0.71642
3118,0.01237
3119,0.00224
3120,0.09849
3121,0.01155
3122,0.19767
3123,0.98613
3124,0.20968
3125,0.76146
3126,0.61806
3127,0.90415
3128,0.96655
3129,0.73431
3130,0.78015
3131,0.97188
3132,0.00016
3133,0.91828
3134,0.68377
3135,0.01134
3136,0.87834
3137,0.34815
3138,0.78648
3139,0.0087
3140,0.86345
3141,0.68732
3142,0.34686
3143,0.18047
3144,0.45176
3145,0.62443
3146,0.03367
3147,0.80703
3148,0.00097
3149,0.79559
3150,0.01762
3151,0.00262
3152,0.23515
3153,0.4554
3154,0.0053
3155,0.21762
3156,0.03744
3157,0.06043
3158,0.76594
3159,0.26989
3160,0.64675
3161,0.02211
3162,0.68246
3163,0.73359
3164,0.67035
3165,0.11454
3166,0.05075
3167,0.70064
3168,0.87794
3169,0.02823
3170,0.69382
3171,0.82143
3172,0.11295
3173,0.97823
3174,0.31142
3175,0.26472
3176,0.54353
3177,0.0018
3178,0.03005
3179,0.00253
3180,0.47688
3181,0.51551
3182,0.87315
3183,0.01548
3184,0.8211
3185,0.83476
3186,0.50302
3187,0.78386
3188,0.13642
3189,0.54593
3190,0.59321
3191,0.60552
3192,0.76268
3193,0.95131
3194,0.82861
3195,0.01075
3196,0.99436
3197,0.00481
3198,0.74294
3199,0.02281
3200,0.13237
3201,0.93382
3202,0.33926
3203,0.88334
3204,0.62
3205,0.86754
3206,0.91944
3207,0.56205
3208,0.00798
3209,0.55091
3210,0.90932
3211,0.62443
3212,0.84464
3213,0.74492
3214,0.75843
3215,0.00344
3216,0.98693
3217,0.03607
3218,0.113
3219,0.77861
3220,0.86363
3221,0.43355
3222,0.88689
3223,0.7547
3224,0.86942
3225,0.10768
3226,0.01581
3227,0.7039
3228,0.01912
3229,0.89433
3230,0.03759
3231,0.81816
3232,0.21895
3233,0.14655
3234,0.94288
3235,0.82031
3236,0.26804
3237,0.79525
3238,0.6748
3239,0.20259
3240,0.7433
3241,0.7733
3242,0.0326
3243,0.94648
3244,0.49322
3245,0.35211
3246,0.92769
3247,0.87943
3248,0.84205
3249,0.09053
3250,0.07812
3251,0.45083
3252,0.12962
3253,0.78306
3254,0.11954
3255,0.24429
3256,0.00673
3257,0.67272
3258,0.59768
3259,0.22777
3260,0.13257
3261,0.01024
3262,0.08686
3263,0.63616
3264,0.87473
3265,0.32226
3266,0.41384
3267,0.56339
3268,0.8735
3269,0.54356
3270,0.04431
3271,0.63214
3272,0.04732
3273,0.4955
3274,0.00764
3275,0.92685
3276,0.82482
3277,0.53911
3278,0.80418
3279,0.02165
3280,0.65248
3281,0.19304
3282,0.08265
3283,0.9332
3284,0.00659
3285,0.13708
3286,0.137
3287,0.05434
3288,0.36342
3289,0.935
3290,0.35932
3291,0.67826
3292,0.06514
3293,0.4679
3294,0.79458
3295,0.6349
3296,0.74066
3297,0.01227
3298,0.00621
3299,0.0377
3300,0.03704
3301,0.54127
3302,0.02448
3303,0.93861
3304,0.4854
3305,0.85945
3306,0.18691
3307,0.96645
3308,0.18869
3309,0.0018
3310,0.85894
3311,0.71839
3312,0.68573
3313,0.08895
3314,0.80784
3315,0.00391
3316,0.63956
3317,0.19972
3318,0.92725
3319,0.18776
3320,0.59829
3321,0.3704
3322,0.87368
3323,0.50786
3324,0.09404
3325,0.92127
3326,0.94365
3327,0.13063
3328,0.58394
3329,0.88243
3330,0.8597
3331,0.02138
3332,0.91365
3333,0.78118
3334,0.3002
3335,0.88874
3336,0.81198
3337,0.88956
3338,0.95716
3339,0.36633
3340,0.19443
3341,0.99607
3342,0.59725
3343,0.84556
3344,0.13295
3345,0.08582
3346,0.83809
3347,0.82852
3348,0.39064
3349,0.95027
3350,0.6376
3351,0.90788
3352,0.91925
3353,0.00563
3354,0.19259
3355,0.15951
3356,0.03049
3357,0.02564
3358,0.94817
3359,0.00107
3360,0.87732
3361,0.98475
3362,0.49801
3363,0.97008
3364,0.80569
3365,0.00169
3366,0.40148
3367,0.24232
3368,0.98205
3369,0.73495
3370,0.20295
3371,0.66995
3372,0.55674
3373,0.87231
3374,0.48377
3375,0.0408
3376,0.78693
3377,0.92593
3378,0.05618
3379,0.83109
3380,0.13118
3381,0.92536
3382,0.11596
3383,0.7387
3384,0.77993
3385,0.03727
3386,0.85683
3387,0.37488
3388,0.31689
3389,0.43635
3390,0.7727
3391,0.96009
3392,0.04452
3393,0.93492
3394,0.09439
3395,0.56887
3396,0.00152
3397,0.98152
3398,0.99328
3399,0.7024
3400,0.02319
3401,0.02178
3402,0.82288
3403,0.76433
3404,0.04272
3405,0.00186
3406,0.0618
3407,0.01587
3408,0.00367
3409,0.08038
3410,0.55073
3411,0.99393
3412,0.00227
3413,0.07355
3414,0.80927
3415,0.48394
3416,0.50273
3417,0.95338
3418,0.31445
3419,0.84314
3420,0.02385
3421,0.31158
3422,0.57934
3423,0.0079
3424,0.02216
3425,0.10692
3426,0.82255
3427,0.77084
3428,0.93568
3429,0.61124
3430,0.89805
3431,0.76402
3432,0.01904
3433,0.02381
3434,0.66224
3435,0.05223
3436,0.75627
3437,0.69456
3438,0.2613
3439,0.03284
3440,0.00219
3441,0.00718
3442,0.02566
3443,0.02165
3444,0.31138
3445,0.08761
3446,0.55072
3447,0.33561
3448,0.00106
3449,0.64673
3450,0.10119
3451,0.90509
3452,0.86252
3453,0.48607
3454,0.95507
3455,0.88658
3456,0.66265
3457,0.89835
3458,0.9588
3459,0.83875
3460,0.79608
3461,0.67689
3462,0.03768
3463,0.80257
3464,0.0288
3465,0.87167
3466,0.51056
3467,0.71198
3468,0.88602
3469,0.56683
3470,0.59296
3471,0.00647
3472,0.7962
3473,0.14905
3474,0.42339
3475,0.96986
3476,0.09832
3477,0.43387
3478,0.49002
3479,0.00105
3480,0.4575
3481,0.29998
3482,0.86792
3483,0.9332
3484,0.54401
3485,0.95684
3486,0.89007
3487,0.01949
3488,0.69998
3489,0.0236
3490,0.00462
3491,0.38111
3492,0.00051
3493,0.80936
3494,0.65664
3495,0.39722
3496,0.53775
3497,0.75406
3498,0.48591
3499,0.09262
3500,0.68974
3501,0.82814
3502,0.96772
3503,0.8761
3504,0.68826
3505,0.84998
3506,0.01743
3507,0.95376
3508,0.95273
3509,0.87363
3510,0.65225
3511,0.00145
3512,0.59665
3513,0.21073
3514,0.00301
3515,0.97197
3516,0.62808
3517,0.77205
3518,0.85505
3519,0.76164
3520,0.0104
3521,0.92935
3522,0.00667
3523,0.57216
3524,0.5874
3525,0.02146
3526,0.00308
3527,0.72008
3528,0.61733
3529,0.6703
3530,0.913
3531,0.7677
3532,0.9216
3533,0.64522
3534,0.81762
3535,0.2894
3536,0.41354
3537,0.74536
3538,0.84645
3539,0.86817
3540,0.92404
3541,3e-05
3542,0.01246
3543,0.00414
3544,0.84319
3545,0.02213
3546,0.94367
3547,0.05535
3548,0.78367
3549,0.25578
3550,0.65336
3551,0.62317
3552,0.07033
3553,0.84635
3554,0.74132
3555,0.2835
3556,0.01355
3557,0.96961
3558,0.09352
3559,0.12989
3560,0.03248
3561,0.76411
3562,0.68846
3563,0.71124
3564,0.86509
3565,0.01624
3566,0.07695
3567,0.00994
3568,0.58125
3569,0.33537
3570,0.42462
3571,0.09374
3572,0.24482
3573,0.00022
3574,0.28278
3575,0.83554
3576,0.27639
3577,0.82774
3578,0.88165
3579,0.80206
3580,0.30937
3581,0.78953
3582,0.7163
3583,0.08366
3584,0.71072
3585,0.8709
3586,0.6392
3587,0.08766
3588,0.4952
3589,0.88498
3590,0.0722
3591,0.01996
3592,0.01667
3593,0.91731
3594,0.53862
3595,0.67637
3596,0.42095
3597,0.00117
3598,0.86488
3599,0.02814
3600,0.12428
3601,0.17009
3602,0.191
3603,0.80736
3604,0.64171
3605,0.93357
3606,0.70838
3607,0.70298
3608,0.4124
3609,0.11471
3610,0.11641
3611,0.32429
3612,0.72393
3613,0.74201
3614,0.42603
3615,0.56961
3616,0.93463
3617,0.96405
3618,0.92156
3619,0.62687
3620,0.01446
3621,0.11754
3622,0.45173
3623,0.11303
3624,0.92836
3625,0.91664
3626,0.02521
3627,0.94381
3628,0.98665
3629,0.46994
3630,0.83664
3631,0.98275
3632,0.70515
3633,0.37071
3634,0.90909
3635,0.02101
3636,0.16535
3637,0.07498
3638,0.95673
3639,0.3552
3640,0.03851
3641,0.19656
3642,0.53307
3643,0.06771
3644,0.7013
3645,0.77387
3646,0.91033
3647,0.76197
3648,0.70441
3649,0.07893
3650,0.97568
3651,0.73226
3652,0.05396
3653,0.00026
3654,0.00581
3655,0.49009
3656,0.8813
3657,0.38089
3658,0.76144
3659,0.92466
3660,0.29808
3661,0.93638
3662,0.99275
3663,0.82474
3664,0.21716
3665,0.91176
3666,0.59772
3667,0.50308
3668,0.27235
3669,0.06077
3670,0.59809
3671,0.00452
3672,0.42111
3673,0.03319
3674,0.92621
3675,0.26127
3676,0.54044
3677,0.52853
3678,0.92508
3679,0.00377
3680,0.0213
3681,0.12542
3682,0.27038
3683,0.56327
3684,0.44583
3685,0.87656
3686,0.17683
3687,0.90002
3688,0.84088
3689,0.82266
3690,0.69713
3691,0.69011
3692,0.90082
3693,0.79679
3694,0.13885
3695,0.8648
3696,0.73342
3697,0.53247
3698,0.99314
3699,0.50707
3700,0.80886
3701,0.273
3702,0.91642
3703,0.8836
3704,0.02496
3705,0.79365
3706,0.19439
3707,0.82144
3708,0.27774
3709,0.57558
3710,0.77891
3711,0.0645
3712,0.71655
3713,0.79091
3714,0.76211
3715,0.00032
3716,0.91899
3717,0.78683
3718,0.57017
3719,0.89637
3720,0.2224
3721,0.92419
3722,0.00133
3723,0.42906
3724,0.90093
3725,0.90622
3726,0.74566
3727,0.17315
3728,0.85237
3729,0.85504
3730,0.84616
3731,0.00198
3732,0.48954
3733,0.51384
3734,0.83699
3735,0.20274
3736,0.19987
3737,0.86257
3738,0.17995
3739,0.50838
3740,0.93507
3741,0.39422
3742,0.78898
3743,0.34979
3744,0.75788
3745,0.80726
3746,0.16369
3747,0.86008
3748,0.46333
3749,0.03723
3750,0.87334
3751,0.69117
3752,0.63497
3753,0.46402
3754,0.6787
3755,0.08406
3756,0.67439
3757,0.00542
3758,0.7922
3759,0.82947
3760,0.46356
3761,0.91443
3762,0.75766
3763,0.03057
3764,0.24529
3765,0.70018
3766,0.5759
3767,0.62991
3768,0.66431
3769,0.4932
3770,0.16212
3771,0.83386
3772,0.03305
3773,0.87661
3774,0.7837
3775,0.84037
3776,0.83941
3777,0.34871
3778,0.00457
3779,0.14641
3780,0.5997
3781,0.86996
3782,0.64895
3783,0.02262
3784,0.59961
3785,0.20968
3786,0.76293
3787,0.0732
3788,0.70252
3789,0.68045
3790,0.86447
3791,0.31409
3792,0.53057
3793,0.72646
3794,0.60185
3795,0.73161
3796,0.93205
3797,0.02914
3798,0.02924
3799,0.93929
3800,0.13886
3801,0.88572
3802,0.8261
3803,0.10094
3804,0.18354
3805,0.78883
3806,0.37961
3807,0.91721
3808,0.75854
3809,0.42457
3810,0.74508
3811,0.16087
3812,0.01285
3813,0.05971
3814,0.06204
3815,0.75546
3816,0.61814
3817,0.90836
3818,0.76444
3819,0.46916
3820,0.64658
3821,0.01349
3822,0.74517
3823,0.06987
3824,0.14246
3825,0.90653
3826,0.91503
3827,0.77636
3828,0.84922
3829,0.56641
3830,0.61938
3831,0.90808
3832,0.72037
3833,0.51994
3834,0.15515
3835,0.02107
3836,0.69393
3837,0.00783
3838,0.90691
3839,0.83479
3840,0.94615
3841,0.95177
3842,0.03903
3843,0.04756
3844,0.75833
3845,0.79221
3846,0.13218
3847,0.92989
3848,0.18634
3849,0.62459
3850,0.87667
3851,0.36359
3852,0.00141
3853,0.27843
3854,0.88824
3855,0.11507
3856,0.00262
3857,0.04842
3858,0.03739
3859,0.83677
3860,0.39076
3861,0.43701
3862,0.69239
3863,0.10947
3864,0.94461
3865,0.02085
3866,0.51847
3867,0.1045
3868,0.84003
3869,0.75766
3870,0.38872
3871,0.86903
3872,0.98567
3873,0.69783
3874,0.0605
3875,0.48815
3876,0.01272
3877,0.21324
3878,0.00455
3879,0.92084
3880,0.85018
3881,0.69299
3882,0.00547
3883,0.59988
3884,0.42189
3885,0.01019
3886,0.86784
3887,0.06432
3888,0.47181
3889,0.68021
3890,0.35038
3891,0.58573
3892,0.942
3893,0.00362
3894,0.06295
3895,0.09357
3896,0.97895
3897,0.01848
3898,0.00414
3899,0.71853
3900,0.01335
3901,0.97765
3902,0.40121
3903,0.45693
3904,0.91474
3905,0.94683
3906,0.82242
3907,0.63565
3908,0.58988
3909,0.92814
3910,0.34985
3911,0.00702
3912,0.89221
3913,0.01165
3914,0.54869
3915,0.14211
3916,0.75087
3917,0.03488
3918,0.73308
3919,0.94507
3920,0.00573
3921,0.11604
3922,0.99415
3923,0.86576
3924,0.71064
3925,0.85906
3926,0.02642
3927,0.66344
3928,0.91532
3929,0.91995
3930,0.97952
3931,0.84736
3932,0.05887
3933,0.84877
3934,0.94259
3935,0.02984
3936,0.81223
3937,0.84154
3938,0.47511
3939,0.46912
3940,0.29721
3941,0.60568
3942,0.05849
3943,0.40481
3944,0.35767
3945,0.82854
3946,0.78228
3947,0.65166
3948,0.94433
3949,0.92317
3950,0.00464
3951,0.77325
3952,0.78621
3953,0.71189
3954,0.8978
3955,0.81393
3956,0.00344
3957,0.94272
3958,0.92201
3959,0.19567
3960,0.82769
3961,0.05245
3962,0.16097
3963,0.02067
3964,0.36228
3965,0.96177
3966,0.82687
3967,0.04609
3968,0.62118
3969,0.60518
3970,0.29365
3971,0.25767
3972,0.6445
3973,0.97307
3974,0.00423
3975,0.8576
3976,0.27167
3977,0.23368
3978,0.08246
3979,0.01281
3980,0.7032
3981,0.55406
3982,0.40318
3983,0.64871
3984,0.89345
3985,0.02344
3986,0.112
3987,0.05031
3988,0.48007
3989,0.17247
3990,0.25005
3991,0.32243
3992,0.0171
3993,0.91355
3994,0.00457
3995,0.56534
3996,0.85492
3997,0.18723
3998,0.51116
3999,0.46807
4000,0.83367
4001,0.07692
4002,0.08429
4003,0.42288
4004,0.81348
4005,0.86926
4006,0.60704
4007,0.82928
4008,0.83604
4009,0.94246
4010,0.42822
4011,0.59767
4012,0.62046
4013,0.66223
4014,0.38434
4015,0.00036
4016,0.69289
4017,0.42002
4018,0.0031
4019,0.22784
4020,0.40259
4021,0.68371
4022,0.87869
4023,0.01453
4024,0.21224
4025,0.58395
4026,0.46831
4027,0.90225
4028,0.7243
4029,0.71759
4030,0.00354
4031,0.04016
4032,0.90491
4033,0.02471
4034,0.88883
4035,0.57417
4036,0.93811
4037,0.84487
4038,0.09
4039,0.87181
4040,0.62801
4041,0.25793
4042,0.88186
4043,0.16302
4044,0.22588
4045,0.00042
4046,0.20966
4047,0.72673
4048,0.79268
4049,0.17382
4050,0.76437
4051,0.44738
4052,0.96975
4053,0.70706
4054,0.0062
4055,0.41067
4056,0.15782
4057,0.90149
4058,0.8863
4059,0.47306
4060,0.48383
4061,0.51943
4062,0.49848
4063,0.41756
4064,0.75717
4065,0.18627
4066,0.42502
4067,0.76913
4068,0.48989
4069,0.61982
4070,0.96249
4071,0.65146
4072,0.74607
4073,0.57582
4074,0.88119
4075,0.10336
4076,0.94999
4077,0.97962
4078,0.60629
4079,0.78013
4080,0.64573
4081,0.99309
4082,0.59864
4083,0.90152
4084,0.78983
4085,0.91632
4086,0.92973
4087,0.59917
4088,0.69611
4089,0.00114
4090,0.76065
4091,0.94943
4092,0.90243
4093,0.69225
4094,0.87747
4095,0.04508
4096,0.84925
4097,0.83004
4098,0.02432
4099,0.50015
4100,0.10291
4101,0.34116
4102,0.60512
4103,0.84142
4104,0.82708
4105,0.90228
4106,0.16171
4107,0.80666
4108,0.73195
4109,0.66369
4110,0.32
4111,0.16683
4112,0.81081
4113,0.75375
4114,0.65823
4115,0.78355
4116,0.07365
4117,0.73496
4118,0.0012
4119,0.8566
4120,0.18177
4121,0.37667
4122,0.15279
4123,0.88323
4124,0.92898
4125,0.94889
4126,0.85691
4127,0.88343
4128,0.97685
4129,0.23744
4130,0.88957
4131,0.95447
4132,0.96144
4133,0.73011
4134,0.13226
4135,0.73766
4136,0.55298
4137,0.09684
4138,0.03653
4139,0.56512
4140,0.06999
4141,0.09729
4142,0.79039
4143,0.87663
4144,0.91004
4145,0.02783
4146,0.13017
4147,0.03745
4148,0.88425
4149,0.92514
4150,0.01797
4151,0.27316
4152,0.2167
4153,0.01312
4154,0.65651
4155,0.25847
4156,0.07369
4157,0.10173
4158,0.00017
4159,0.20546
4160,0.18273
4161,0.97461
4162,0.22203
4163,0.72548
4164,0.89078
4165,0.04048
4166,0.33547
4167,0.91107
4168,0.9258
4169,0.82085
4170,0.00244
4171,0.76899
4172,0.71885
4173,0.00199
4174,0.79288
4175,0.76862
4176,0.22374
4177,0.9552
4178,0.59842
4179,0.92714
4180,0.56863
4181,0.02573
4182,0.42543
4183,0.00022
4184,0.84909
4185,0.44506
4186,0.38602
4187,0.79938
4188,0.89701
4189,0.72111
4190,0.32248
4191,0.03973
4192,0.91088
4193,0.59541
4194,0.64923
4195,0.74014
4196,0.10913
4197,0.00693
4198,0.6871
4199,0.07507
4200,0.67526
4201,0.97125
4202,0.94511
4203,0.20477
4204,0.39386
4205,0.7665
4206,0.77221
4207,0.93586
4208,0.27287
4209,0.1421
4210,0.63968
4211,0.0163
4212,0.45011
4213,0.31846
4214,0.02304
4215,0.71412
4216,0.84245
4217,0.93691
4218,0.51962
4219,0.74744
4220,0.87245
4221,0.30517
4222,0.99629
4223,0.94136
4224,0.9227
4225,0.71898
4226,0.12199
4227,0.12758
4228,0.78849
4229,0.95459
4230,0.17478
4231,0.70391
4232,0.72607
4233,0.57346
4234,0.56359
4235,0.08485
4236,0.60447
4237,0.92173
4238,0.1045
4239,0.71004
4240,0.61621
4241,0.41533
4242,0.7765
4243,0.89993
4244,0.28274
4245,0.44769
4246,0.00254
4247,0.4171
4248,0.83992
4249,0.87112
4250,0.76335
4251,0.8859
4252,0.04983
4253,0.04924
4254,0.83866
4255,0.47851
4256,0.41592
4257,0.55609
4258,0.13065
4259,0.88168
4260,0.95393
4261,0.10922
4262,0.85048
4263,0.94241
4264,0.65153
4265,0.18551
4266,0.88402
4267,0.03074
4268,0.85531
4269,0.95327
4270,0.0501
4271,0.46338
4272,0.01857
4273,0.57968
4274,0.71517
4275,0.79411
4276,0.50758
4277,0.31429
4278,0.66672
4279,0.91038
4280,0.30487
4281,0.29008
4282,0.80817
4283,0.33346
4284,0.93534
4285,0.30556
4286,0.82411
4287,0.75759
4288,0.59768
4289,0.14439
4290,0.79568
4291,0.48417
4292,0.84804
4293,0.71236
4294,0.47639
4295,0.54331
4296,0.38973
4297,0.3973
4298,0.02411
4299,0.84391
4300,0.96305
4301,0.67028
4302,0.86887
4303,0.80643
4304,0.01379
4305,0.79791
4306,0.01698
4307,0.24769
4308,0.93341
4309,0.01615
4310,0.14561
4311,0.6597
4312,0.06766
4313,0.08742
4314,0.03157
4315,0.413
4316,0.51495
4317,0.71697
4318,0.61218
4319,0.24064
4320,0.42214
4321,0.2439
4322,0.81643
4323,0.86863
4324,0.6614
4325,0.03841
4326,0.01232
4327,0.88543
4328,0.68957
4329,0.17995
4330,0.75144
4331,0.91533
4332,0.41026
4333,0.54154
4334,0.46423
4335,0.03773
4336,0.49458
4337,0.38126
4338,0.75596
4339,0.3713
4340,0.2499
4341,0.35823
4342,0.92311
4343,0.06987
4344,0.77746
4345,0.01026
4346,0.90528
4347,0.12502
4348,0.08645
4349,0.60733
4350,0.11592
4351,0.54163
4352,0.93475
4353,0.96154
4354,0.02953
4355,0.68811
4356,0.72793
4357,0.51747
4358,0.73511
4359,0.96113
4360,0.78459
4361,0.4079
4362,0.0227
4363,0.90152
4364,0.85683
4365,0.83072
4366,0.93789
4367,0.6551
4368,0.16284
4369,0.66919
4370,0.55766
4371,0.03095
4372,0.81219
4373,0.27097
4374,0.2185
4375,0.24766
4376,0.25812
4377,0.39664
4378,0.93468
4379,0.59366
4380,0.71871
4381,0.89305
4382,0.03608
4383,0.02371
4384,0.20095
4385,0.01137
4386,0.02298
4387,0.92263
4388,0.91095
4389,0.7214
4390,0.00063
4391,0.39389
4392,0.4606
4393,0.06783
4394,0.0032
4395,0.48131
4396,0.48588
4397,0.02404
4398,0.58363
4399,0.75533
4400,0.00038
4401,0.9278
4402,0.29856
4403,0.83105
4404,0.24719
4405,0.22756
4406,0.9251
4407,0.74838
4408,0.86828
4409,0.73989
4410,0.50548
4411,0.85064
4412,0.83598
4413,0.87963
4414,0.40696
4415,0.58549
4416,0.90421
4417,0.80124
4418,0.78664
4419,0.46026
4420,0.20043
4421,0.83376
4422,0.17346
4423,0.73428
4424,0.53628
4425,0.01547
4426,0.01214
4427,0.17731
4428,0.4855
4429,0.09429
4430,0.65252
4431,0.29177
4432,0.49554
4433,0.97644
4434,0.00373
4435,0.62984
4436,0.62438
4437,0.83079
4438,0.99086
4439,0.18027
4440,0.16214
4441,0.48426
4442,0.08478
4443,0.36111
4444,0.86669
4445,0.44526
4446,0.86753
4447,0.82105
4448,0.11424
4449,0.23404
4450,0.92296
4451,0.59133
4452,0.14762
4453,0.51284
4454,0.42181
4455,0.22705
4456,0.73901
4457,0.84701
4458,0.30497
4459,0.63283
4460,0.96518
4461,0.72745
4462,0.77382
4463,0.32837
4464,0.03296
4465,0.65525
4466,0.0165
4467,0.03155
4468,0.81641
4469,0.67356
4470,0.26791
4471,0.91848
4472,0.1013
4473,0.85065
4474,0.79243
4475,0.78021
4476,0.63549
4477,0.7554
4478,0.91385
4479,0.00101
4480,0.52558
4481,0.80665
4482,0.66267
4483,0.31315
4484,0.68388
4485,0.01255
4486,0.0231
4487,0.62215
4488,0.17886
4489,0.18601
4490,0.34992
4491,0.0545
4492,0.5568
4493,0.66003
4494,0.59937
4495,0.11903
4496,0.28134
4497,0.90145
4498,0.122
4499,0.94465
4500,0.93268
4501,0.05619
4502,0.95599
4503,0.57309
4504,0.00312
4505,0.90612
4506,0.92288
4507,0.86506
4508,0.67821
4509,0.73789
4510,0.67797
4511,0.6271
4512,0.87194
4513,0.32837
4514,0.06335
4515,0.50381
4516,0.94587
4517,0.9359
4518,0.08438
4519,0.00844
4520,0.85382
4521,0.14356
4522,0.05297
4523,0.36028
4524,0.09166
4525,0.89698
4526,0.60595
4527,0.30962
4528,0.88629
4529,0.02917
4530,0.07768
4531,0.90565
4532,0.69057
4533,0.81869
4534,0.52511
4535,0.00973
4536,0.71066
4537,0.69697
4538,0.02709
4539,0.9665
4540,0.96883
4541,0.53557
4542,0.93821
4543,0.46362
4544,0.02784
4545,0.67879
4546,0.55597
4547,0.00851
4548,0.78735
4549,0.80109
4550,0.85215
4551,0.53129
4552,0.53033
4553,0.43532
4554,0.81561
4555,0.89151
4556,0.51922
4557,0.02233
4558,0.33989
4559,0.94848
4560,0.11657
4561,0.38734
4562,0.74778
4563,0.16352
4564,0.09428
4565,0.18238
4566,0.77388
4567,0.678
4568,0.0085
4569,0.78708
4570,0.85566
4571,0.01833
4572,0.88723
4573,0.03145
4574,0.53685
4575,0.3866
4576,0.60037
4577,0.84433
4578,0.00847
4579,0.75105
4580,0.90727
4581,0.94264
4582,0.86118
4583,0.93397
4584,0.83922
4585,0.84768
4586,0.01808
4587,0.33979
4588,0.87475
4589,0.33093
4590,0.0493
4591,0.7346
4592,0.87964
4593,0.78371
4594,0.03382
4595,4e-05
4596,0.10722
4597,0.91784
4598,0.72084
4599,0.59262
4600,0.9523
4601,0.63795
4602,0.93127
4603,0.61176
4604,0.01619
4605,0.38661
4606,0.53406
4607,0.92647
4608,0.70136
4609,0.93385
4610,0.54033
4611,0.24754
4612,0.01268
4613,0.32302
4614,0.20376
4615,0.36001
4616,0.69282
4617,0.01403
4618,0.63844
4619,0.17581
4620,0.65974
4621,0.68268
4622,0.22441
4623,0.62202
4624,0.00523
4625,0.3315
4626,0.7828
4627,0.25273
4628,0.96186
4629,0.85597
4630,0.64229
4631,0.54981
4632,0.4139
4633,0.22055
4634,0.77874
4635,0.78627
4636,0.60529
4637,0.86836
4638,0.76871
4639,0.63219
4640,0.82803
4641,0.88458
4642,0.45865
4643,0.04
4644,0.71225
4645,0.27417
4646,0.77999
4647,0.23492
4648,0.85869
4649,0.5763
4650,0.24198
4651,0.22153
4652,0.55328
4653,0.69137
4654,0.8406
4655,0.22688
4656,0.00954
4657,0.8145
4658,0.30002
4659,0.04747
4660,0.30583
4661,0.74965
4662,0.99111
4663,0.80689
4664,0.03873
4665,0.34754
4666,0.7105
4667,0.94772
4668,0.8794
4669,0.23885
4670,0.73349
4671,0.88723
4672,0.13878
4673,0.00654
4674,0.84315
4675,0.00877
4676,0.91191
4677,0.34062
4678,0.61916
4679,0.56049
4680,0.02149
4681,0.82169
4682,0.13408
4683,0.82708
4684,0.11449
4685,0.49604
4686,0.65452
4687,0.25573
4688,0.17263
4689,0.50712
4690,0.3338
4691,0.0874
4692,0.94536
4693,0.73583
4694,0.41415
4695,0.0324
4696,0.77351
4697,0.83123
4698,0.75424
4699,0.00242
4700,0.45194
4701,0.22411
4702,0.55772
4703,0.02761
4704,0.69717
4705,0.05564
4706,0.73981
4707,0.02457
4708,0.80706
4709,0.16602
4710,0.18782
4711,0.55518
4712,0.03921
4713,0.41418
4714,0.63247
4715,0.59442
4716,0.03463
4717,0.04819
4718,0.96232
4719,0.41927
4720,0.86816
4721,0.74488
4722,0.06931
4723,0.74886
4724,0.70994
4725,0.24045
4726,0.5434
4727,0.39405
4728,0.27977
4729,0.83079
4730,0.42013
4731,0.00243
4732,0.09029
4733,0.85114
4734,0.76723
4735,0.96108
4736,0.65015
4737,0.7379
4738,0.87402
4739,0.86756
4740,0.22109
4741,0.978
4742,0.57918
4743,0.18706
4744,0.01327
4745,0.78019
4746,0.67522
4747,0.83704
4748,0.51888
4749,0.84026
4750,0.83701
4751,0.20754
4752,0.79877
4753,0.00652
4754,0.77003
4755,0.6509
4756,0.33287
4757,0.61144
4758,0.89559
4759,0.2155
4760,0.78396
4761,0.26977
4762,0.84182
4763,0.89474
4764,0.29284
4765,0.98752
4766,0.01088
4767,0.83963
4768,0.23146
4769,0.81838
4770,0.54144
4771,0.91524
4772,0.0006
4773,0.21828
4774,0.29079
4775,0.66334
4776,0.93223
4777,0.1161
4778,0.00246
4779,0.42388
4780,0.77709
4781,0.23945
4782,0.00199
4783,0.71948
4784,0.96012
4785,0.05815
4786,0.84191
4787,0.88911
4788,0.33885
4789,0.74761
4790,0.58694
4791,0.57491
4792,0.59072
4793,0.03975
4794,0.95264
4795,0.91374
4796,0.88056
4797,0.84778
4798,0.5546
4799,0.7386
4800,0.26703
4801,0.0005
4802,0.29973
4803,0.76979
4804,0.01005
4805,0.94631
4806,7e-05
4807,0.87967
4808,0.09311
4809,0.66066
4810,0.8108
4811,0.05273
4812,0.94377
4813,0.88401
4814,0.93313
4815,0.13
4816,0.88697
4817,0.99333
4818,0.14989
4819,0.32503
4820,0.76152
4821,0.2304
4822,0.94506
4823,0.82982
4824,0.84337
4825,0.87627
4826,0.89662
4827,0.82718
4828,0.6382
4829,0.00268
4830,0.79293
4831,0.7809
4832,0.55644
4833,0.75161
4834,0.64199
4835,0.88396
4836,0.76679
4837,0.3558
4838,0.11895
4839,0.37395
4840,0.81048
4841,0.08902
4842,0.00594
4843,0.34379
4844,0.39075
4845,0.93378
4846,0.00589
4847,0.57403
4848,0.92011
4849,0.37807
4850,0.0943
4851,0.9435
4852,0.02021
4853,0.14087
4854,0.53057
4855,0.35369
4856,0.28516
4857,0.93604
4858,0.2979
4859,0.22479
4860,0.00224
4861,0.65255
4862,0.58541
4863,0.28481
4864,0.55822
4865,0.01403
4866,0.15035
4867,0.33572
4868,0.08639
4869,0.24601
4870,0.55375
4871,0.08759
4872,0.89192
4873,0.71132
4874,0.12095
4875,0.28573
4876,0.06746
4877,0.61566
4878,0.0428
4879,0.77987
4880,0.01319
4881,0.71158
4882,0.74013
4883,0.00297
4884,0.95376
4885,0.23919
4886,0.65524
4887,0.49305
4888,0.86187
4889,0.01193
4890,0.78362
4891,0.68026
4892,0.02778
4893,0.59063
4894,0.13729
4895,0.80057
4896,0.72225
4897,0.76902
4898,0.0449
4899,0.37243
4900,0.58814
4901,0.79188
4902,0.97052
4903,0.07982
4904,0.02285
4905,0.52465
4906,0.79075
4907,0.02051
4908,0.05203
4909,0.85496
4910,0.15207
4911,0.69324
4912,0.87137
4913,0.03698
4914,0.08611
4915,0.03664
4916,0.71435
4917,0.0722
4918,0.00091
4919,0.6105
4920,0.62926
4921,0.00425
4922,0.00383
4923,0.70164
4924,0.78121
4925,0.00253
4926,0.61741
4927,0.08325
4928,0.20112
4929,0.88503
4930,0.00907
4931,0.92013
4932,0.69742
4933,0.76971
4934,0.03201
4935,0.87722
4936,0.82418
4937,0.65884
4938,0.05879
4939,0.67491
4940,0.02768
4941,0.84467
4942,0.63868
4943,0.02058
4944,0.2905
4945,0.08644
4946,0.60498
4947,0.37125
4948,0.92758
4949,0.46728
4950,0.02616
4951,0.13902
4952,0.05236
4953,0.77615
4954,0.92466
4955,0.35132
4956,0.5222
4957,0.72585
4958,0.49041
4959,0.93745
4960,0.33796
4961,0.6617
4962,0.10435
4963,0.92191
4964,0.35101
4965,0.13698
4966,0.01213
4967,0.88407
4968,0.86197
4969,0.52641
4970,0.96632
4971,0.91002
4972,0.97159
4973,0.72846
4974,0.87582
4975,0.82403
4976,0.83749
4977,0.93587
4978,0.81536
4979,0.2906
4980,0.85455
4981,0.17148
4982,0.01516
4983,0.57504
4984,0.05873
4985,0.98451
4986,0.41001
4987,0.72165
4988,0.51103
4989,0.45665
4990,0.86228
4991,0.00437
4992,0.55169
4993,0.76651
4994,0.72793
4995,0.20824
4996,0.45794
4997,0.02562
4998,0.54425
4999,0.78911
5000,0.9474
5001,0.71409
5002,0.20694
5003,0.67978
5004,0.96568
5005,0.77006
5006,0.04052
5007,0.85041
5008,0.10948
5009,0.91985
5010,0.73683
5011,0.67039
5012,0.58392
5013,0.60454
5014,0.18804
5015,0.00113
5016,0.9634
5017,0.55137
5018,0.03629
5019,0.74322
5020,0.02763
5021,0.00307
5022,0.66928
5023,0.61926
5024,0.41466
5025,0.00492
5026,0.8374
5027,0.44109
5028,0.94973
5029,0.95004
5030,0.84118
5031,0.9597
5032,0.49218
5033,0.58919
5034,0.22298
5035,0.87702
5036,0.20826
5037,0.08916
5038,0.52993
5039,0.79353
5040,0.85214
5041,0.80812
5042,0.07343
5043,0.00422
5044,0.04549
5045,0.17317
5046,0.1109
5047,0.78917
5048,0.87301
5049,0.93321
5050,0.39699
5051,0.58253
5052,0.35221
5053,0.55849
5054,0.26581
5055,0.59252
5056,0.00027
5057,0.98362
5058,0.05834
5059,0.92036
5060,0.69634
5061,0.27087
5062,0.03363
5063,0.37233
5064,0.00708
5065,0.19369
5066,0.12111
5067,0.85171
5068,0.25818
5069,0.48383
5070,0.74303
5071,0.75526
5072,0.64615
5073,0.03909
5074,0.0101
5075,0.55187
5076,0.49708
5077,0.41471
5078,0.27498
5079,0.96427
5080,0.52455
5081,0.16268
5082,0.35736
5083,0.26937
5084,0.51331
5085,0.07976
5086,0.84411
5087,0.04598
5088,0.89212
5089,0.01285
5090,0.51081
5091,0.02771
5092,0.78426
5093,0.0043
5094,0.01178
5095,0.15269
5096,0.71302
5097,0.10193
5098,0.07755
5099,0.36088
5100,0.98683
5101,0.645
5102,0.84123
5103,0.04921
5104,0.12077
5105,0.68273
5106,0.91201
5107,0.0834
5108,0.59284
5109,0.06586
5110,0.84392
5111,0.028
5112,0.47427
5113,0.89619
5114,0.9011
5115,0.0824
5116,0.82833
5117,0.1293
5118,0.18689
5119,0.75986
5120,0.07209
5121,0.93232
5122,0.9698
5123,0.26561
5124,0.99327
5125,0.74022
5126,0.16712
5127,0.8226
5128,0.7365
5129,0.07964
5130,0.40002
5131,0.76879
5132,0.71161
5133,0.04786
5134,0.83121
5135,0.72282
5136,0.97078
5137,0.35621
5138,0.05098
5139,0.08984
5140,0.09063
5141,0.00021
5142,0.79472
5143,0.00172
5144,0.57383
5145,0.78045
5146,0.71159
5147,0.19212
5148,0.6459
5149,0.01784
5150,0.89285
5151,0.24316
5152,0.36845
5153,0.69539
5154,0.74186
5155,0.94906
5156,0.94946
5157,0.8201
5158,0.71054
5159,0.65082
5160,0.79821
5161,0.95715
5162,0.77328
5163,0.88939
5164,0.01057
5165,0.5508
5166,0.00161
5167,0.00402
5168,0.798
5169,0.02954
5170,0.82433
5171,0.42195
5172,0.94393
5173,0.73931
5174,0.62899
5175,0.94525
5176,0.02144
5177,0.9551
5178,0.52165
5179,0.61859
5180,0.85262
5181,0.6222
5182,0.01159
5183,0.10952
5184,0.05445
5185,0.73406
5186,0.04486
5187,0.68061
5188,0.80679
5189,0.92057
5190,0.26751
5191,0.47344
5192,0.70547
5193,0.03792
5194,0.03404
5195,0.26265
5196,0.59503
5197,0.94563
5198,0.01672
5199,0.7268
5200,0.48992
5201,0.98638
5202,0.74562
5203,0.00418
5204,0.05698
5205,0.91154
5206,0.0553
5207,0.90288
5208,0.76769
5209,0.66981
5210,0.01591
5211,0.61122
5212,0.08501
5213,0.13249
5214,0.41619
5215,0.65977
5216,0.30217
5217,0.43487
5218,0.78945
5219,0.82263
5220,0.00141
5221,0.78526
5222,0.36586
5223,0.48425
5224,0.83906
5225,0.63853
5226,0.03144
5227,0.92157
5228,0.53649
5229,0.89099
5230,0.07256
5231,0.08197
5232,0.85388
5233,0.60892
5234,0.77399
5235,0.0072
5236,0.02106
5237,0.17904
5238,0.03764
5239,0.94451
5240,0.86831
5241,0.0137
5242,0.79333
5243,0.04282
5244,0.20106
5245,0.38968
5246,0.90118
5247,0.19751
5248,0.07963
5249,0.81468
5250,0.58046
5251,0.01903
5252,0.23483
5253,0.99455
5254,0.83044
5255,0.88687
5256,0.84738
5257,0.20724
5258,0.55579
5259,0.02919
5260,0.0226
5261,0.96288
5262,0.98821
5263,0.68148
5264,0.73501
5265,0.25613
5266,0.01305
5267,0.72601
5268,0.78997
5269,0.00306
5270,0.73507
5271,0.80165
5272,0.95911
5273,0.85128
5274,0.83519
5275,0.34833
5276,0.16791
5277,0.57431
5278,0.06505
5279,0.92057
5280,0.22216
5281,0.12344
5282,0.64103
5283,0.16699
5284,0.73583
5285,0.096
5286,0.17536
5287,0.04258
5288,0.0441
5289,0.69759
5290,0.01943
5291,0.02313
5292,0.45136
5293,0.86459
5294,0.62065
5295,0.94975
5296,0.45092
5297,0.00148
5298,0.27123
5299,0.00351
5300,0.73504
5301,0.64504
5302,0.90889
5303,0.49268
5304,0.00359
5305,0.15569
5306,0.9202
5307,0.87809
5308,0.35333
5309,0.83044
5310,0.94788
5311,0.91306
5312,0.25416
5313,0.01282
5314,0.75253
5315,0.79566
5316,0.98746
5317,0.9323
5318,0.80536
5319,0.96211
5320,0.81498
5321,0.55227
5322,0.84223
5323,0.60574
5324,0.02196
5325,0.95444
5326,0.97366
5327,0.81396
5328,0.76561
5329,0.9041
5330,0.75684
5331,0.74622
5332,0.73572
5333,0.53568
5334,0.0423
5335,0.44874
5336,0.9908
5337,0.80667
5338,0.01561
5339,0.83617
5340,0.69355
5341,0.92391
5342,0.7576
5343,0.79537
5344,0.35636
5345,0.77282
5346,0.82952
5347,0.0412
5348,0.74918
5349,0.11598
5350,0.02632
5351,0.7204
5352,0.7631
5353,0.52306
5354,0.92479
5355,0.03416
5356,0.81532
5357,0.43324
5358,0.86601
5359,0.58292
5360,0.67223
5361,0.99541
5362,0.00069
5363,0.91825
5364,0.69862
5365,0.16124
5366,0.64188
5367,0.93549
5368,0.78039
5369,0.69716
5370,0.93555
5371,0.09195
5372,0.20592
5373,0.07277
5374,0.72074
5375,0.95505
5376,0.94412
5377,0.76195
5378,0.92594
5379,0.71799
5380,0.84764
5381,0.67915
5382,0.06637
5383,0.18687
5384,0.28275
5385,0.10105
5386,0.68004
5387,0.28922
5388,0.00948
5389,0.88177
5390,0.84617
5391,0.28983
5392,0.00044
5393,0.79262
5394,0.78698
5395,0.97512
5396,0.10134
5397,0.02373
5398,0.92793
5399,0.86791
5400,0.00643
5401,0.26394
5402,0.49339
5403,0.60883
5404,0.41171
5405,0.62519
5406,0.7651
5407,0.50335
5408,0.00627
5409,0.0193
5410,0.52979
5411,0.26171
5412,0.76044
5413,0.2537
5414,0.35843
5415,0.72513
5416,0.0579
5417,0.03141
5418,0.56872
5419,0.88237
5420,0.78913
5421,0.86952
5422,0.38214
5423,0.58764
5424,0.73501
5425,0.33508
5426,0.41411
5427,0.78051
5428,0.6284
5429,0.96085
5430,0.24028
5431,0.91236
5432,0.75055
5433,0.48161
5434,0.1682
5435,0.52791
5436,0.56377
5437,0.03168
5438,0.87336
5439,0.08519
5440,0.32897
5441,0.82322
5442,0.90938
5443,0.00691
5444,0.62034
5445,0.84173
5446,0.9658
5447,0.52659
5448,0.00741
5449,0.79993
5450,0.06328
5451,0.47316
5452,0.91751
5453,0.70079
5454,0.145
5455,0.29469
5456,0.3523
5457,0.12869
5458,0.23804
5459,0.05403
5460,0.61188
5461,0.01736
5462,0.75325
5463,0.83115
5464,0.47425
5465,0.62167
5466,0.14691
5467,0.4185
5468,0.03294
5469,0.38872
5470,0.71469
5471,0.52404
5472,0.98109
5473,0.85645
5474,0.87187
5475,0.25533
5476,0.81173
5477,0.81003
5478,0.4929
5479,0.05379
5480,0.09252
5481,0.7742
5482,0.07017
5483,0.82866
5484,0.04461
5485,0.89416
5486,0.0679
5487,0.87201
5488,0.31933
5489,0.90771
5490,0.90923
5491,0.42031
5492,0.87666
5493,0.76179
5494,0.0631
5495,0.0767
5496,0.1451
5497,0.65765
5498,0.05744
5499,0.73993
5500,0.52668
5501,0.78164
5502,0.92011
5503,0.65979
5504,0.41478
5505,0.86559
5506,0.55808
5507,0.71854
5508,0.62691
5509,0.98342
5510,0.79827
5511,0.93434
5512,0.77158
5513,0.87498
5514,0.44048
5515,0.54835
5516,0.33606
5517,0.02986
5518,0.89151
5519,0.31135
5520,0.87246
5521,0.23981
5522,0.28337
5523,0.00406
5524,0.77178
5525,0.93207
5526,0.86808
5527,0.17639
5528,0.00121
5529,0.27597
5530,0.98193
5531,0.97104
5532,0.68575
5533,0.14111
5534,0.08099
5535,0.84979
5536,0.28621
5537,0.89075
5538,0.00024
5539,0.00859
5540,0.19661
5541,0.05253
5542,0.75276
5543,0.04134
5544,0.82694
5545,0.91173
5546,0.6919
5547,0.54716
5548,0.62557
5549,0.95598
5550,0.00655
5551,0.10683
5552,0.9333
5553,0.24263
5554,0.02643
5555,0.22655
5556,0.99347
5557,0.04432
5558,0.04714
5559,0.24863
5560,0.84522
5561,0.47805
5562,0.25485
5563,0.64805
5564,0.37822
5565,0.89921
5566,0.13894
5567,0.7043
5568,0.01373
5569,0.09485
5570,0.92006
5571,0.92755
5572,0.84091
5573,0.00292
5574,0.66599
5575,0.09334
5576,0.80513
5577,0.0607
5578,0.18095
5579,0.26704
5580,0.51124
5581,0.26926
5582,0.29368
5583,0.98053
5584,0.25601
5585,0.89329
5586,0.02865
5587,0.034
5588,0.58643
5589,0.95673
5590,0.85518
5591,0.73242
5592,0.231
5593,0.74719
5594,0.88109
5595,0.94288
5596,0.68224
5597,0.6072
5598,0.95421
5599,0.00322
5600,0.17919
5601,0.55457
5602,0.0006
5603,0.00264
5604,0.24756
5605,0.81056
5606,0.4808
5607,0.72085
5608,0.83341
5609,0.8213
5610,0.0055
5611,0.00039
5612,0.02378
5613,0.07766
5614,0.88292
5615,0.77362
5616,0.09933
5617,0.91971
5618,0.1477
5619,0.04192
5620,0.61706
5621,0.30081
5622,0.22558
5623,0.60791
5624,0.8338
5625,0.88203
5626,0.69008
5627,0.0334
5628,0.8584
5629,0.73201
5630,0.01806
5631,0.96201
5632,0.2064
5633,0.85055
5634,0.86898
5635,0.03075
5636,0.01668
5637,0.00414
5638,0.76505
5639,0.75925
5640,0.92329
5641,0.46324
5642,0.77351
5643,0.34222
5644,0.80281
5645,0.01756
5646,0.14839
5647,0.00104
5648,0.13374
5649,0.81153
5650,0.90676
5651,0.91571
5652,0.69675
5653,0.0758
5654,0.69393
5655,0.05988
5656,0.62408
5657,0.84287
5658,0.00308
5659,0.80285
5660,0.02162
5661,0.04886
5662,0.72179
5663,0.48847
5664,0.67996
5665,0.8829
5666,0.89832
5667,0.95017
5668,0.66336
5669,0.04145
5670,0.80171
5671,0.60081
5672,0.60293
5673,0.30713
5674,0.95231
5675,0.23588
5676,0.31131
5677,0.08292
5678,0.91006
5679,0.0592
5680,0.69962
5681,0.01786
5682,0.53222
5683,0.00114
5684,0.4252
5685,0.43241
5686,0.85144
5687,0.76192
5688,0.00276
5689,0.85741
5690,0.94748
5691,0.74037
5692,0.84218
5693,0.83679
5694,0.08203
5695,0.86353
5696,0.00392
5697,0.75389
5698,0.18885
5699,0.73228
5700,0.78503
5701,0.03955
5702,0.59837
5703,0.75425
5704,0.16447
5705,0.87657
5706,0.04615
5707,0.43075
5708,0.02935
5709,0.96675
5710,0.0011
5711,0.26766
5712,0.16458
5713,0.01612
5714,0.86897
5715,0.82853
5716,0.92578
5717,0.41745
5718,0.64999
5719,0.16169
5720,0.96128
5721,0.96192
5722,0.96845
5723,0.20832
5724,0.79169
5725,0.0094
5726,0.90451
5727,0.70389
5728,0.93681
5729,0.59858
5730,0.74932
5731,0.9401
5732,0.03308
5733,0.80095
5734,0.71758
5735,0.00338
5736,0.8624
5737,0.00418
5738,0.8635
5739,0.01374
5740,0.56404
5741,0.03111
5742,0.32098
5743,0.0011
5744,0.82525
5745,0.97262
5746,0.94746
5747,0.4307
5748,0.37034
5749,0.52965
5750,0.79007
5751,0.49732
5752,0.85585
5753,0.05668
5754,0.56943
5755,0.7424
5756,0.46472
5757,0.83038
5758,0.74563
5759,0.91208
5760,0.9498
5761,0.92674
5762,0.21104
5763,0.06739
5764,0.92632
5765,0.60935
5766,0.92936
5767,0.77974
5768,0.17037
5769,0.7281
5770,0.87619
5771,0.00354
5772,0.79684
5773,0.73639
5774,0.86664
5775,0.69854
5776,0.94908
5777,0.13317
5778,0.01692
5779,0.67997
5780,0.79476
5781,0.20506
5782,0.93205
5783,0.75451
5784,0.84618
5785,0.77408
5786,0.85461
5787,0.9321
5788,0.2585
5789,0.43492
5790,0.86148
5791,0.06598
5792,0.51688
5793,0.15718
5794,0.84561
5795,0.54325
5796,0.03824
5797,0.69215
5798,0.48308
5799,0.92587
5800,0.57844
5801,0.79758
5802,0.00935
5803,0.55122
5804,0.35521
5805,0.84156
5806,0.07344
5807,0.76113
5808,0.14484
5809,0.78788
5810,0.55452
5811,0.52466
5812,0.0213
5813,0.94345
5814,0.0531
5815,0.92558
5816,0.89344
5817,0.17015
5818,0.89279
5819,0.95694
5820,0.50564
5821,0.72045
5822,0.68389
5823,0.87536
5824,0.23577
5825,0.81679
5826,0.82583
5827,0.50057
5828,0.84618
5829,0.88584
5830,0.19097
5831,0.15995
5832,0.00036
5833,0.45373
5834,0.96344
5835,0.32855
5836,0.2293
5837,0.72489
5838,0.2371
5839,0.02513
5840,0.36658
5841,0.78304
5842,0.90041
5843,0.01938
5844,0.02257
5845,0.91287
5846,0.02156
5847,0.42117
5848,0.03642
5849,0.09881
5850,0.06931
5851,0.25858
5852,0.00058
5853,0.66486
5854,0.0023
5855,0.05987
5856,0.01511
5857,0.76439
5858,0.64218
5859,0.71664
5860,0.89117
5861,0.58523
5862,0.79215
5863,0.3732
5864,0.86757
5865,0.05054
5866,0.90968
5867,0.94033
5868,0.92263
5869,0.45449
5870,0.37216
5871,0.43916
5872,0.91935
5873,0.95442
5874,0.94215
5875,0.49346
5876,0.68457
5877,0.00379
5878,0.95673
5879,0.11854
5880,0.41967
5881,0.90431
5882,0.01371
5883,0.96897
5884,0.95988
5885,0.39846
5886,0.70387
5887,0.55309
5888,0.80079
5889,0.58422
5890,0.51123
5891,0.88477
5892,0.76072
5893,0.81173
5894,0.14034
5895,0.93965
5896,0.65775
5897,0.221
5898,0.38524
5899,0.80802
5900,0.82625
5901,0.23009
5902,0.47117
5903,0.33781
5904,0.02388
5905,0.46855
5906,0.02442
5907,0.85389
5908,0.16622
5909,0.44662
5910,0.68031
5911,0.25433
5912,0.68195
5913,0.84998
5914,0.33495
5915,0.93162
5916,0.81163
5917,0.94675
5918,0.00285
5919,0.77672
5920,0.95238
5921,0.84005
5922,0.83294
5923,0.44603
5924,0.26236
5925,0.00029
5926,0.86126
5927,0.85205
5928,0.67004
5929,0.78201
5930,0.00023
5931,0.77892
5932,0.35559
5933,0.76329
5934,0.00214
5935,0.23444
5936,0.82379
5937,0.04949
5938,0.67882
5939,0.89139
5940,0.88302
5941,0.06136
5942,0.7256
5943,0.30664
5944,0.09546
5945,0.70827
5946,0.82829
5947,0.98308
5948,0.30633
5949,0.88958
5950,0.73326
5951,0.95788
5952,0.85191
5953,0.60012
5954,0.61564
5955,0.00435
5956,0.3402
5957,3e-05
5958,0.1605
5959,0.8283
5960,0.15594
5961,0.31106
5962,0.41051
5963,0.89224
5964,0.60698
5965,0.93455
5966,0.77437
5967,0.36639
5968,0.96765
5969,0.28408
5970,0.0001
5971,0.91354
5972,6e-05
5973,0.26032
5974,0.69378
5975,0.79041
5976,0.01492
5977,0.14571
5978,0.07064
5979,0.74097
5980,0.01051
5981,0.91594
5982,0.06396
5983,0.48794
5984,0.56812
5985,0.65486
5986,0.58034
5987,0.92411
5988,0.00724
5989,0.86635
5990,0.0432
5991,0.75478
5992,0.75258
5993,0.80351
5994,0.56256
5995,0.27837
5996,0.18291
5997,0.86473
5998,0.14773
5999,0.0409
6000,0.2029
6001,0.09943
6002,0.72731
6003,0.79079
6004,0.52399
6005,0.15062
6006,0.87886
6007,0.00135
6008,0.21734
6009,0.62316
6010,0.76406
6011,0.29832
6012,0.77079
6013,0.85929
6014,0.00415
6015,0.75856
6016,0.53855
6017,0.59409
6018,0.11849
6019,0.00044
6020,0.10147
6021,0.85645
6022,0.11882
6023,0.35792
6024,0.15796
6025,0.75096
6026,0.83774
6027,0.84116
6028,0.65356
6029,0.90272
6030,0.59955
6031,0.69991
6032,0.36228
6033,0.11416
6034,0.08099
6035,0.27685
6036,0.86372
6037,0.55186
6038,0.8317
6039,0.50822
6040,0.83231
6041,0.1112
6042,0.10418
6043,0.28849
6044,0.70858
6045,0.04912
6046,0.74066
6047,0.31308
6048,0.79959
6049,0.35748
6050,0.01788
6051,0.34609
6052,0.87222
6053,0.23063
6054,0.00549
6055,0.89738
6056,0.72151
6057,0.85521
6058,0.70217
6059,0.04331
6060,0.69213
6061,0.07818
6062,0.5227
6063,0.74437
6064,0.80316
6065,0.59971
6066,0.81769
6067,0.14045
6068,0.40156
6069,0.0918
6070,0.72342
6071,0.01111
6072,0.82576
6073,0.91045
6074,0.04875
6075,0.72203
6076,0.23883
6077,0.82737
6078,0.8107
6079,0.80433
6080,0.44311
6081,0.51815
6082,0.97923
6083,0.32838
6084,0.35155
6085,0.89
6086,0.19363
6087,0.93455
6088,0.36468
6089,0.02814
6090,0.72582
6091,0.02587
6092,0.86499
6093,0.88429
6094,0.21222
6095,0.98916
6096,0.95564
6097,0.72489
6098,0.61323
6099,0.08085
6100,0.56608
6101,0.47451
6102,0.85395
6103,0.88501
6104,0.84531
6105,0.85802
6106,0.9374
6107,0.29046
6108,0.13069
6109,0.4355
6110,0.52307
6111,0.77874
6112,0.32635
6113,0.80023
6114,0.94108
6115,0.67448
6116,0.78986
6117,0.15929
6118,0.02686
6119,0.38877
6120,0.89948
6121,0.01512
6122,0.42823
6123,0.10298
6124,0.05267
6125,0.01068
6126,0.12601
6127,0.7773
6128,0.29461
6129,0.87664
6130,0.91312
6131,0.9636
6132,0.44812
6133,0.01412
6134,0.38351
6135,0.24361
6136,0.44655
6137,0.006
6138,0.94557
6139,0.02384
6140,0.56188
6141,0.50359
6142,0.83653
6143,0.09507
6144,0.12967
6145,0.56146
6146,0.17104
6147,0.87484
6148,0.705
6149,0.93044
6150,0.50029
6151,0.94911
6152,0.89243
6153,0.96255
6154,0.71608
6155,0.92574
6156,0.95275
6157,0.84144
6158,0.9112
6159,0.69344
6160,0.85732
6161,0.79865
6162,0.07837
6163,0.68612
6164,0.01098
6165,0.01933
6166,0.00873
6167,0.78119
6168,0.19065
6169,0.62286
6170,0.09696
6171,0.03272
6172,0.01096
6173,0.5585
6174,0.75519
6175,0.60053
6176,0.02192
6177,0.01381
6178,0.12452
6179,0.58644
6180,0.0457
6181,0.01181
6182,0.76842
6183,0.95099
6184,0.37181
6185,0.47656
6186,0.1045
6187,0.92013
6188,0.79058
6189,0.8611
6190,0.56268
6191,0.58649
6192,0.81208
6193,0.14832
6194,0.80334
6195,0.84807
6196,0.54406
6197,0.79461
6198,0.07903
6199,0.80003
6200,0.00424
6201,0.08063
6202,0.27441
6203,0.73311
6204,0.91074
6205,0.73338
6206,0.75165
6207,0.32065
6208,0.20629
6209,0.79584
6210,0.62479
6211,0.67966
6212,0.65397
6213,0.80636
6214,0.65881
6215,0.72322
6216,0.46741
6217,0.63633
6218,0.93587
6219,0.13643
6220,0.98354
6221,0.94237
6222,0.42045
6223,0.63932
6224,0.86365
6225,0.20136
6226,0.92127
6227,0.00433
6228,0.23032
6229,0.30625
6230,0.06895
6231,0.66922
6232,0.77035
6233,0.19582
6234,0.05697
6235,0.92302
6236,0.05423
6237,0.67625
6238,0.01981
6239,0.37094
6240,0.9486
6241,0.00229
6242,0.01181
6243,0.81595
6244,0.00487
6245,0.52944
6246,0.93383
6247,0.49956
6248,0.90468
6249,0.79925
6250,0.79834
6251,0.89584
6252,0.39908
6253,0.50278
6254,0.01853
6255,0.88176
6256,0.63662
6257,0.04799
6258,0.32377
6259,0.71824
6260,0.84128
6261,0.89639
6262,0.54455
6263,0.74304
6264,0.90988
6265,0.76139
6266,0.00049
6267,0.79163
6268,0.10239
6269,0.85085
6270,0.17744
6271,0.05844
6272,0.43779
6273,0.86712
6274,0.94345
6275,0.65846
6276,0.01185
6277,0.89058
6278,0.93384
6279,0.49282
6280,0.86675
6281,0.66813
6282,0.04963
6283,0.01567
6284,0.59707
6285,0.00116
6286,0.30862
6287,0.54068
6288,0.00222
6289,0.75638
6290,0.02353
6291,0.8126
6292,0.04124
6293,0.681
6294,0.30456
6295,0.45233
6296,0.16558
6297,0.01924
6298,0.02192
6299,0.35979
6300,0.4798
6301,0.75818
6302,0.62803
6303,0.55659
6304,0.16504
6305,0.08684
6306,0.59976
6307,0.79408
6308,0.92278
6309,0.1271
6310,0.16787
6311,0.39568
6312,0.95845
6313,0.74656
6314,0.52705
6315,0.11054
6316,0.76024
6317,0.36976
6318,0.90247
6319,0.88586
6320,0.33417
6321,0.51502
6322,0.77012
6323,0.87023
6324,0.90472
6325,0.20829
6326,0.67855
6327,0.57526
6328,0.57757
6329,0.00855
6330,0.08683
6331,0.8354
6332,0.05922
6333,0.91971
6334,0.6347
6335,0.9277
6336,0.17389
6337,0.49218
6338,0.75907
6339,0.86322
6340,0.64038
6341,0.67361
6342,0.82208
6343,0.74861
6344,0.85811
6345,0.69555
6346,0.95493
6347,0.0793
6348,0.60282
6349,0.87088
6350,0.00045
6351,0.74091
6352,0.58515
6353,0.00254
6354,0.30394
6355,0.89816
6356,0.85326
6357,0.845
6358,0.84175
6359,0.67869
6360,0.92069
6361,0.00809
6362,0.15683
6363,0.72518
6364,0.78716
6365,0.71254
6366,0.03615
6367,0.65288
6368,0.10935
6369,0.57579
6370,0.03403
6371,0.77188
6372,0.96456
6373,0.18285
6374,0.59811
6375,0.16178
6376,0.76814
6377,0.84994
6378,0.00449
6379,0.56401
6380,0.36304
6381,0.05646
6382,0.00608
6383,0.71296
6384,0.35325
6385,0.76631
6386,0.92834
6387,0.85368
6388,0.71921
6389,0.07781
6390,0.86161
6391,0.94642
6392,0.68512
6393,0.00362
6394,0.07316
6395,0.10727
6396,0.56803
6397,0.50465
6398,0.73813
6399,0.91867
6400,0.27949
6401,0.84623
6402,0.62546
6403,0.87643
6404,0.76815
6405,0.6327
6406,0.15186
6407,0.88239
6408,0.07052
6409,0.91938
6410,0.69401
6411,0.7981
6412,0.28088
6413,0.90268
6414,0.16182
6415,0.4709
6416,0.01711
6417,0.95574
6418,0.61586
6419,0.68657
6420,0.51833
6421,0.04336
6422,0.20798
6423,0.89938
6424,0.87157
6425,0.04798
6426,0.86079
6427,0.02827
6428,0.61568
6429,0.87573
6430,0.77521
6431,0.10324
6432,0.75747
6433,0.26311
6434,0.09759
6435,0.86787
6436,0.80045
6437,0.2354
6438,0.0429
6439,0.92664
6440,0.93642
6441,0.6047
6442,0.86534
6443,0.64665
6444,0.93198
6445,0.81637
6446,0.40395
6447,0.54244
6448,0.67733
6449,0.00328
6450,0.8169
6451,0.81967
6452,0.94253
6453,0.40075
6454,0.4543
6455,0.75745
6456,0.8438
6457,0.93181
6458,0.79
6459,0.02541
6460,0.01641
6461,0.89654
6462,0.93724
6463,0.29033
6464,0.03393
6465,0.03901
6466,0.20554
6467,0.85033
6468,0.6628
6469,0.23061
6470,0.96443
6471,0.60537
6472,0.73636
6473,0.92917
6474,0.37237
6475,0.17311
6476,0.96604
6477,0.80545
6478,0.90702
6479,0.884
6480,0.41931
6481,0.01362
6482,0.01278
6483,0.01045
6484,0.8463
6485,0.3491
6486,0.59557
6487,0.32354
6488,0.95319
6489,0.91393
6490,0.89585
6491,0.70754
6492,0.32945
6493,0.87054
6494,0.50593
6495,0.06586
6496,0.90891
6497,0.67516
6498,0.1441
6499,0.18938
6500,0.84412
6501,0.77248
6502,0.72286
6503,0.88898
6504,0.00085
6505,0.89753
6506,0.0252
6507,0.74719
6508,0.96008
6509,0.72648
6510,0.64575
6511,0.89698
6512,0.97812
6513,0.01356
6514,0.16004
6515,0.88942
6516,0.72801
6517,0.11753
6518,0.79471
6519,0.36154
6520,0.13947
6521,0.01877
6522,0.63209
6523,0.8538
6524,0.61206
6525,0.1008
6526,0.22102
6527,0.91537
6528,0.36957
6529,0.00628
6530,0.00208
6531,0.89074
6532,0.6574
6533,0.73374
6534,0.2005
6535,0.04255
6536,0.74798
6537,0.67516
6538,0.67723
6539,0.84978
6540,0.2211
6541,0.00362
6542,0.06047
6543,0.19594
6544,0.79263
6545,0.57424
6546,0.45066
6547,0.00185
6548,0.06096
6549,0.00174
6550,0.80455
6551,0.89402
6552,0.39706
6553,0.879
6554,0.69668
6555,0.2838
6556,0.44617
6557,0.00468
6558,0.42688
6559,0.25304
6560,0.54702
6561,0.34283
6562,0.0044
6563,0.94912
6564,0.03939
6565,0.92684
6566,0.01343
6567,0.04294
6568,0.96533
6569,0.92199
6570,0.07382
6571,0.46574
6572,0.36119
6573,0.91478
6574,0.52705
6575,0.95442
6576,0.03196
6577,0.87193
6578,0.38898
6579,0.41127
6580,0.88178
6581,0.1498
6582,0.89924
6583,0.02842
6584,0.84141
6585,0.71462
6586,0.85676
6587,0.83389
6588,0.67774
6589,0.52497
6590,0.11675
6591,0.0301
6592,0.04678
6593,0.25338
6594,0.02077
6595,0.81318
6596,0.53463
6597,0.01241
6598,0.32205
6599,0.87713
6600,0.01597
6601,0.60905
6602,0.00979
6603,0.5923
6604,0.11769
6605,0.2174
6606,0.90799
6607,0.68239
6608,0.79423
6609,0.77003
6610,0.96906
6611,0.00298
6612,0.01223
6613,0.77106
6614,0.89199
6615,0.30988
6616,0.64219
6617,0.85721
6618,0.75143
6619,0.02479
6620,0.29079
6621,0.86837
6622,0.01814
6623,0.39756
6624,0.78513
6625,0.70189
6626,0.0031
6627,0.05636
6628,0.1439
6629,0.92391
6630,0.82705
6631,0.96269
6632,0.06707
6633,0.81529
6634,0.88442
6635,0.89173
6636,0.87914
6637,0.00453
6638,0.65228
6639,0.85125
6640,0.66742
6641,0.82639
6642,0.43479
6643,0.03544
6644,0.82337
6645,0.91676
6646,0.64532
6647,0.50476
6648,0.90453
6649,0.04675
6650,0.00526
6651,0.11267
6652,0.22758
6653,0.65466
6654,0.69697
6655,0.45881
6656,0.01656
6657,0.62466
6658,0.058
6659,0.27775
6660,0.14823
6661,0.73554
6662,0.96994
6663,0.82356
6664,0.01506
6665,0.07389
6666,0.80129
6667,0.10369
6668,0.30084
6669,0.93808
6670,0.00489
6671,0.27507
6672,0.00841
6673,0.63132
6674,0.0578
6675,0.74247
6676,0.45094
6677,6e-05
6678,0.32097
6679,0.89354
6680,0.68939
6681,0.4747
6682,0.90585
6683,0.77397
6684,0.60495
6685,0.00351
6686,0.95426
6687,0.88362
6688,0.04969
6689,0.94789
6690,0.86921
6691,0.00011
6692,0.2049
6693,0.49079
6694,0.34229
6695,0.81724
6696,0.14071
6697,0.75445
6698,0.61694
6699,0.82623
6700,0.49518
6701,0.54671
6702,0.71129
6703,0.18951
6704,0.90834
6705,0.62701
6706,0.18363
6707,0.19502
6708,0.47707
6709,0.12734
6710,0.84932
6711,0.74997
6712,0.47784
6713,0.4603
6714,0.80181
6715,0.0007
6716,0.91691
6717,0.9193
6718,0.58715
6719,0.4752
6720,0.00232
6721,0.50572
6722,0.70667
6723,0.60743
6724,0.32941
6725,0.56412
6726,0.50321
6727,0.7449
6728,0.26922
6729,0.68161
6730,0.98318
6731,0.30816
6732,0.05061
6733,0.8387
6734,0.26196
6735,0.65142
6736,0.23293
6737,0.70024
6738,0.57575
6739,0.15869
6740,0.78128
6741,0.00655
6742,0.07964
6743,0.89126
6744,0.74208
6745,0.25441
6746,0.20746
6747,0.84007
6748,0.32201
6749,0.02866
6750,0.75168
6751,0.27646
6752,0.5922
6753,0.96197
6754,0.01769
6755,0.02545
6756,0.30408
6757,0.00021
6758,0.38292
6759,0.00523
6760,0.20999
6761,0.42991
6762,0.96091
6763,0.15802
6764,0.20053
6765,0.75884
6766,0.57299
6767,0.01201
6768,0.22339
6769,0.74677
6770,0.60718
6771,0.30661
6772,0.0751
6773,0.1152
6774,0.00159
6775,0.39533
6776,0.17817
6777,0.6886
6778,0.33301
6779,0.96341
6780,0.75193
6781,0.73377
6782,0.15375
6783,0.18666
6784,0.84684
6785,0.95283
6786,0.54959
6787,0.70884
6788,0.80652
6789,0.95847
6790,0.92816
6791,0.82389
6792,0.10559
6793,0.93581
6794,0.04512
6795,0.27045
6796,0.29619
6797,0.00348
6798,0.61535
6799,0.00395
6800,0.54421
6801,0.64678
6802,0.0017
6803,0.37538
6804,0.80411
6805,0.26306
6806,0.75629
6807,0.22953
6808,0.32624
6809,0.34076
6810,0.33191
6811,0.06669
6812,0.2362
6813,0.81581
6814,0.84767
6815,0.72449
6816,0.68181
6817,0.25409
6818,0.92033
6819,0.00571
6820,0.03224
6821,0.33977
6822,0.85835
6823,0.4421
6824,0.88167
6825,0.09677
6826,0.44973
6827,0.86829
6828,0.69574
6829,0.61345
6830,0.71034
6831,0.1322
6832,0.01255
6833,0.78546
6834,0.804
6835,0.95127
6836,0.2596
6837,0.21841
6838,0.47843
6839,0.76084
6840,0.2452
6841,0.43433
6842,0.95559
6843,0.79082
6844,0.07237
6845,0.88582
6846,0.22146
6847,0.23944
6848,0.0134
6849,0.16821
6850,0.76496
6851,0.22599
6852,0.40051
6853,0.04693
6854,0.76659
6855,0.55629
6856,0.02699
6857,0.30022
6858,0.82263
6859,0.29414
6860,0.0424
6861,0.73276
6862,0.82247
6863,0.31601
6864,0.90914
6865,0.00347
6866,0.7246
6867,0.34231
6868,0.19859
6869,0.00835
6870,0.47463
6871,0.59975
6872,0.47697
6873,0.93571
6874,0.71074
6875,0.48477
6876,0.01591
6877,0.02447
6878,0.19393
6879,0.842
6880,0.25556
6881,0.92313
6882,0.34774
6883,0.90479
6884,0.01208
6885,0.98041
6886,0.01418
6887,0.05752
6888,0.06371
6889,0.92136
6890,0.55805
6891,0.00277
6892,0.8453
6893,0.02151
6894,0.74324
6895,0.41203
6896,0.50424
6897,0.67336
6898,0.37356
6899,0.80976
6900,0.35558
6901,0.90856
6902,0.86038
6903,0.72867
6904,0.0067
6905,0.22066
6906,0.57064
6907,0.69234
6908,0.15662
6909,0.52887
6910,0.03185
6911,0.44782
6912,0.91961
6913,0.45007
6914,0.89572
6915,0.89751
6916,0.01294
6917,0.00766
6918,0.02986
6919,0.66031
6920,0.95942
6921,0.10251
6922,0.33331
6923,0.25106
6924,0.4454
6925,0.16486
6926,0.489
6927,0.92333
6928,0.51318
6929,0.66602
6930,0.85549
6931,0.35028
6932,0.70051
6933,0.53037
6934,0.7647
6935,0.43176
6936,0.42806
6937,0.38778
6938,0.07352
6939,0.666
6940,0.26528
6941,0.59525
6942,0.04294
6943,0.71659
6944,0.02892
6945,0.82645
6946,0.88884
6947,0.97612
6948,0.87308
6949,0.89028
6950,0.86642
6951,0.82239
6952,0.20172
6953,0.88959
6954,0.00417
6955,0.40715
6956,0.29542
6957,0.66339
6958,0.98724
6959,0.27632
6960,0.85489
6961,0.79479
6962,0.89156
6963,0.02215
6964,0.73643
6965,0.42107
6966,0.10837
6967,0.35576
6968,0.00243
6969,0.08734
6970,0.14338
6971,0.05493
6972,0.88025
6973,0.00223
6974,0.05878
6975,0.87551
6976,0.89246
6977,0.59966
6978,0.8318
6979,0.09641
6980,0.01293
6981,0.0932
6982,0.04937
6983,0.81217
6984,0.35485
6985,0.01804
6986,0.00323
6987,0.89192
6988,0.83955
6989,0.45293
6990,0.92733
6991,0.04516
6992,0.00516
6993,0.01274
6994,0.53154
6995,0.09915
6996,0.91439
6997,0.23321
6998,0.1187
6999,0.006
7000,0.09479
7001,0.27879
7002,0.89504
7003,0.1391
7004,0.21303
7005,0.80563
7006,0.74207
7007,0.03034
7008,0.77063
7009,0.01522
7010,0.51712
7011,0.56064
7012,0.96316
7013,0.25981
7014,0.92137
7015,0.41647
7016,0.47944
7017,0.79024
7018,0.74034
7019,0.00078
7020,0.7064
7021,0.12668
7022,0.76336
7023,0.04598
7024,0.66479
7025,0.03318
7026,0.93873
7027,0.00505
7028,0.05936
7029,0.87754
7030,0.00195
7031,0.11979
7032,0.03385
7033,0.08133
7034,0.78351
7035,0.00345
7036,0.90459
7037,0.1683
7038,0.74776
7039,0.35477
7040,0.71329
7041,1e-05
7042,0.00829
7043,0.03616
7044,0.04207
7045,0.19059
7046,0.03406
7047,0.63586
7048,0.9087
7049,0.69542
7050,0.28054
7051,0.76154
7052,0.00409
7053,0.56195
7054,0.08265
7055,0.7504
7056,0.11673
7057,0.00669
7058,0.78908
7059,0.76673
7060,0.95678
7061,0.01998
7062,0.48478
7063,0.08072
7064,0.74344
7065,0.09423
7066,0.52986
7067,0.86054
7068,0.87592
7069,0.75216
7070,0.79794
7071,0.89864
7072,0.68231
7073,0.28738
7074,0.62639
7075,0.0001
7076,0.95667
7077,0.63067
7078,0.88954
7079,0.64654
7080,0.76703
7081,0.68557
7082,0.50733
7083,0.4957
7084,0.91209
7085,0.89139
7086,0.51205
7087,0.13819
7088,0.80837
7089,0.52023
7090,0.03981
7091,0.01385
7092,0.85543
7093,0.06532
7094,0.00243
7095,0.2814
7096,0.01927
7097,0.7196
7098,0.94987
7099,0.75694
7100,0.00748
7101,0.00096
7102,0.8935
7103,0.16666
7104,0.42462
7105,0.17938
7106,0.95798
7107,0.64352
7108,0.48661
7109,0.55898
7110,0.06201
7111,0.02431
7112,0.01133
7113,0.06248
7114,0.01512
7115,0.19904
7116,0.70923
7117,0.66914
7118,0.84668
7119,0.95889
7120,0.4108
7121,0.00161
7122,0.54732
7123,0.84391
7124,0.00065
7125,0.74482
7126,0.0536
7127,0.24757
7128,0.0025
7129,0.69866
7130,0.33367
7131,0.3885
7132,0.65062
7133,0.13614
7134,0.16881
7135,0.90484
7136,0.70307
7137,0.80251
7138,0.72351
7139,0.96421
7140,0.83401
7141,0.92146
7142,0.20157
7143,0.78425
7144,0.98931
7145,0.90059
7146,0.90866
7147,0.94145
7148,0.74781
7149,0.70612
7150,0.1599
7151,0.96623
7152,0.72995
7153,0.08804
7154,0.8743
7155,0.19043
7156,0.7057
7157,0.68946
7158,0.32246
7159,0.67524
7160,5e-05
7161,0.70972
7162,0.42229
7163,0.31443
7164,0.53936
7165,0.41011
7166,0.65394
7167,0.74189
7168,0.79849
7169,0.85086
7170,0.84654
7171,0.93615
7172,0.82133
7173,0.66309
7174,0.72122
7175,0.47424
7176,0.89209
7177,0.89519
7178,0.66365
7179,0.09204
7180,0.53116
7181,0.55295
7182,0.94929
7183,0.72647
7184,0.62737
7185,0.98201
7186,0.83681
7187,0.88056
7188,0.48799
7189,0.54585
7190,0.505
7191,0.65119
7192,0.06219
7193,0.51891
7194,0.30055
7195,0.15562
7196,0.01376
7197,0.00299
7198,0.80885
7199,0.93664
7200,0.30884
7201,0.05972
7202,0.82455
7203,0.4729
7204,0.89661
7205,0.71494
7206,0.07788
7207,0.92692
7208,0.76653
7209,0.15937
7210,0.47232
7211,0.97914
7212,0.35925
7213,0.59041
7214,0.46846
7215,0.84076
7216,0.51789
7217,0.53936
7218,0.61126
7219,0.94791
7220,0.05341
7221,0.80548
7222,0.74285
7223,0.02393
7224,0.80293
7225,0.92241
7226,0.05569
7227,0.42051
7228,0.66165
7229,0.74784
7230,0.78471
7231,0.65244
7232,0.56632
7233,0.73481
7234,0.23174
7235,0.0962
7236,0.76292
7237,0.01458
7238,0.84722
7239,0.67879
7240,0.79122
7241,0.17596
7242,0.00231
7243,0.46973
7244,0.1524
7245,0.4651
7246,0.82848
7247,0.57756
7248,0.70535
7249,0.11573
7250,0.25988
7251,0.65727
7252,0.79734
7253,0.05297
7254,0.02878
7255,0.97524
7256,0.4541
7257,0.6622
7258,0.98764
7259,0.04808
7260,0.85338
7261,0.54099
7262,0.80228
7263,0.53327
7264,0.46034
7265,0.00024
7266,0.00232
7267,0.274
7268,0.14149
7269,0.61328
7270,0.93972
7271,0.40824
7272,0.93932
7273,0.58432
7274,0.85537
7275,0.95722
7276,0.03176
7277,0.20798
7278,0.74414
7279,0.01543
7280,0.19854
7281,0.72713
7282,0.89864
7283,0.46018
7284,0.77287
7285,0.22851
7286,0.35169
7287,0.65969
7288,0.02061
7289,0.76779
7290,0.10392
7291,0.00493
7292,0.83057
7293,0.85198
7294,0.55224
7295,0.00923
7296,0.93886
7297,0.01164
7298,0.00049
7299,0.11674
7300,0.88931
7301,0.88668
7302,0.04772
7303,0.80276
7304,0.01361
7305,0.00394
7306,0.15249
7307,0.00751
7308,0.94453
7309,0.7031
7310,0.91828
7311,0.90566
7312,0.17892
7313,0.09564
7314,0.24581
7315,0.92536
7316,0.00409
7317,0.94544
7318,0.281
7319,0.26551
7320,0.00465
7321,0.10141
7322,0.80453
7323,0.88839
7324,0.92586
7325,0.86945
7326,0.83949
7327,0.72947
7328,0.57707
7329,0.9355
7330,0.89442
7331,0.80872
7332,0.13755
7333,0.83958
7334,0.95029
7335,0.85303
7336,0.11059
7337,0.48186
7338,0.76316
7339,0.63443
7340,0.60318
7341,0.02655
7342,0.82934
7343,0.58123
7344,0.00463
7345,0.86682
7346,0.75654
7347,0.04386
7348,0.04849
7349,0.07049
7350,0.0166
7351,0.61295
7352,0.22483
7353,0.84985
7354,0.44135
7355,0.07111
7356,0.51537
7357,0.76354
7358,0.43252
7359,0.90198
7360,0.94527
7361,0.98262
7362,0.77025
7363,0.16871
7364,0.92368
7365,0.01232
7366,0.7159
7367,0.75285
7368,0.84461
7369,0.19681
7370,0.92607
7371,0.00611
7372,0.67835
7373,0.74565
7374,0.93782
7375,0.04906
7376,0.06191
7377,0.98905
7378,0.20998
7379,0.00217
7380,0.32047
7381,0.68145
7382,0.87094
7383,0.93478
7384,0.83985
7385,0.8465
7386,0.94298
7387,0.29541
7388,0.83713
7389,0.00114
7390,0.61641
7391,0.28725
7392,0.34689
7393,0.00105
7394,0.88453
7395,4e-05
7396,0.21853
7397,0.83951
7398,0.13896
7399,0.02264
7400,0.84208
7401,0.80285
7402,0.91134
7403,0.94792
7404,0.88707
7405,0.89968
7406,0.08513
7407,0.55833
7408,0.97448
7409,0.13157
7410,0.43948
7411,0.8262
7412,0.74388
7413,0.91715
7414,0.00339
7415,0.68047
7416,0.44385
7417,0.94379
7418,0.44038
7419,0.93358
7420,0.50216
7421,0.54204
7422,0.75681
7423,0.83199
7424,0.55837
7425,0.85213
7426,0.65131
7427,0.04624
7428,0.54155
7429,0.74399
7430,0.0126
7431,0.90234
7432,0.14395
7433,0.91484
7434,0.88179
7435,0.79369
7436,0.18125
7437,0.53034
7438,0.45411
7439,0.2986
7440,0.08164
7441,0.88033
7442,0.82926
7443,0.17173
7444,0.6035
7445,0.88508
7446,0.7992
7447,0.00379
7448,0.13314
7449,0.71909
7450,0.7397
7451,0.00177
7452,0.80625
7453,0.84511
7454,0.37575
7455,0.37449
7456,0.66368
7457,0.57049
7458,0.78539
7459,0.07731
7460,0.01178
7461,0.55569
7462,0.74681
7463,0.00169
7464,0.80966
7465,0.00682
7466,0.52925
7467,0.48688
7468,0.81938
7469,0.00199
7470,0.03665
7471,0.60085
7472,0.78974
7473,0.28652
7474,0.20677
7475,0.17874
7476,0.05483
7477,0.79052
7478,0.42524
7479,0.87066
7480,0.00488
7481,0.945
7482,0.08216
7483,0.90245
7484,0.68995
7485,0.7476
7486,0.08651
7487,0.82599
7488,0.05508
7489,0.91551
7490,0.06454
7491,0.42361
7492,0.32792
7493,0.394
7494,0.36774
7495,0.04908
7496,0.94585
7497,0.59118
7498,0.31456
7499,0.02132
7500,0.87077
7501,0.27642
7502,0.44738
7503,0.03993
7504,0.64553
7505,0.0486
7506,0.53214
7507,0.97219
7508,0.96596
7509,0.24772
7510,0.33588
7511,0.73204
7512,0.7294
7513,0.03569
7514,0.91512
7515,0.91082
7516,0.89781
7517,0.81873
7518,0.87887
7519,0.01806
7520,0.06107
7521,0.13994
7522,0.00677
7523,0.82691
7524,0.4954
7525,0.24146
7526,0.83868
7527,0.68136
7528,0.00611
7529,0.36728
7530,0.07358
7531,0.68306
7532,0.74625
7533,0.92134
7534,0.88599
7535,0.90542
7536,0.66155
7537,0.06458
7538,0.91051
7539,0.2848
7540,0.03502
7541,0.07063
7542,0.10143
7543,0.04798
7544,0.02185
7545,0.61032
7546,0.96035
7547,0.88733
7548,0.98589
7549,0.01606
7550,0.98467
7551,0.89979
7552,0.3043
7553,0.04774
7554,0.89848
7555,0.991
7556,0.057
7557,0.31221
7558,0.01969
7559,0.21586
7560,0.98652
7561,0.50841
7562,0.69793
7563,0.1956
7564,0.83067
7565,0.87706
7566,0.7054
7567,0.01652
7568,0.06246
7569,0.7464
7570,0.8522
7571,0.93929
7572,0.38247
7573,0.92693
7574,0.00229
7575,0.08463
7576,0.10114
7577,0.01193
7578,0.71279
7579,0.42027
7580,0.87492
7581,0.02932
7582,0.57944
7583,0.73543
7584,0.64693
7585,0.30384
7586,0.74166
7587,0.88122
7588,0.04135
7589,0.49759
7590,0.39923
7591,0.90014
7592,0.92498
7593,0.00958
7594,0.6636
7595,0.90938
7596,0.65305
7597,0.01189
7598,0.02264
7599,0.64258
7600,0.04235
7601,0.878
7602,0.04095
7603,0.27944
7604,0.04222
7605,0.37611
7606,0.72256
7607,0.89001
7608,0.44413
7609,0.14046
7610,0.54694
7611,0.86887
7612,0.16774
7613,0.93891
7614,0.01055
7615,0.12797
7616,0.00303
7617,0.25855
7618,0.98524
7619,0.88081
7620,0.89774
7621,0.97962
7622,0.8099
7623,0.00924
7624,0.93044
7625,0.00281
7626,0.80576
7627,0.57443
7628,0.75112
7629,0.01718
7630,0.55883
7631,0.99388
7632,0.95041
7633,0.61957
7634,0.10471
7635,0.73386
7636,0.00904
7637,0.48204
7638,0.90125
7639,0.6635
7640,0.03405
7641,0.91095
7642,0.86447
7643,0.79218
7644,0.12948
7645,0.06699
7646,0.60326
7647,0.00163
7648,0.01075
7649,0.37374
7650,0.70084
7651,0.02623
7652,0.93109
7653,0.79598
7654,0.10987
7655,0.39352
7656,0.80439
7657,0.00233
7658,0.04102
7659,0.12714
7660,0.90586
7661,0.08321
7662,0.97183
7663,0.08171
7664,0.58447
7665,0.00606
7666,0.93381
7667,0.51032
7668,0.6908
7669,0.54948
7670,0.00137
7671,0.13263
7672,0.56726
7673,0.48398
7674,0.40746
7675,0.18196
7676,0.4779
7677,0.07868
7678,0.26452
7679,0.69311
7680,0.03849
7681,0.68792
7682,0.92265
7683,0.87576
7684,0.89
7685,0.66485
7686,0.22496
7687,0.9437
7688,0.91609
7689,0.89841
7690,0.74615
7691,0.97684
7692,0.00503
7693,0.83622
7694,0.52395
7695,0.06324
7696,0.87408
7697,0.17242
7698,0.9386
7699,0.80436
7700,0.86395
7701,0.88711
7702,0.00108
7703,0.06311
7704,0.05656
7705,0.37966
7706,0.81884
7707,0.72833
7708,0.83266
7709,0.55566
7710,0.03155
7711,0.64388
7712,0.00282
7713,0.08901
7714,0.69101
7715,0.7473
7716,0.10137
7717,0.00087
7718,0.74327
7719,0.71926
7720,0.89955
7721,0.72121
7722,0.9155
7723,0.73913
7724,0.80887
7725,0.91976
7726,0.04244
7727,0.09647
7728,0.26537
7729,0.77709
7730,0.39948
7731,0.11686
7732,0.11027
7733,0.21752
7734,0.04065
7735,0.73265
7736,0.20225
7737,0.73925
7738,0.83223
7739,0.91922
7740,0.92547
7741,0.8597
7742,0.02516
7743,0.07118
7744,0.00977
7745,0.94463
7746,0.02129
7747,0.66393
7748,0.66373
7749,0.79954
7750,0.93542
7751,0.43444
7752,0.47127
7753,0.5049
7754,0.47535
7755,0.04832
7756,0.91234
7757,0.81362
7758,0.65981
7759,0.71665
7760,0.94945
7761,0.09948
7762,0.61573
7763,0.89479
7764,0.74433
7765,0.03277
7766,0.0035
7767,0.31836
7768,0.693
7769,0.19461
7770,0.21175
7771,0.85854
7772,0.8661
7773,0.06306
7774,0.79295
7775,0.94771
7776,0.05396
7777,0.76167
7778,0.67542
7779,0.86941
7780,0.08606
7781,0.94933
7782,0.71073
7783,0.60057
7784,0.93848
7785,0.01597
7786,0.86962
7787,0.51111
7788,0.43255
7789,0.54684
7790,0.52834
7791,0.38945
7792,0.94404
7793,0.79095
7794,0.86599
7795,0.94979
7796,0.65323
7797,0.77112
7798,0.79109
7799,0.71929
7800,0.75586
7801,0.86052
7802,0.92263
7803,0.18704
7804,0.36932
7805,0.00607
7806,0.35066
7807,0.30076
7808,0.60439
7809,0.09676
7810,0.50152
7811,0.87615
7812,0.42604
7813,0.79401
7814,0.6542
7815,0.92852
7816,0.13185
7817,0.16418
7818,0.00621
7819,0.92386
7820,0.00358
7821,0.00969
7822,0.10241
7823,0.81199
7824,0.47552
7825,0.24917
7826,0.15801
7827,0.42465
7828,0.00471
7829,0.47719
7830,0.18246
7831,0.49956
7832,0.91088
7833,0.08086
7834,0.98105
7835,0.19988
7836,0.79861
7837,0.60748
7838,0.72766
7839,0.83313
7840,0.14784
7841,0.15769
7842,0.91708
7843,0.78538
7844,0.35944
7845,0.89233
7846,0.00574
7847,0.31655
7848,0.47076
7849,0.79138
7850,0.76884
7851,0.11162
7852,0.00902
7853,0.35889
7854,0.13884
7855,0.40519
7856,0.13865
7857,0.92243
7858,0.91556
7859,0.02344
7860,0.95082
7861,0.77362
7862,0.74191
7863,0.90495
7864,0.64675
7865,0.01145
7866,0.07222
7867,0.54612
7868,0.45664
7869,0.00753
7870,0.84629
7871,0.42179
7872,0.00791
7873,0.79721
7874,0.79382
7875,0.42494
7876,0.72825
7877,0.95362
7878,0.9425
7879,0.67467
7880,0.60773
7881,0.69035
7882,0.47576
7883,0.47487
7884,0.69519
7885,0.62423
7886,0.05
7887,0.81901
7888,0.72037
7889,0.2795
7890,0.43383
7891,0.00165
7892,0.01854
7893,0.11837
7894,0.7745
7895,0.7377
7896,0.20425
7897,0.3357
7898,0.02847
7899,0.01948
7900,0.14654
7901,0.84209
7902,0.78375
7903,0.62535
7904,0.94203
7905,0.97889
7906,0.46809
7907,0.03844
7908,0.90797
7909,0.36633
7910,0.13888
7911,0.02278
7912,0.14838
7913,0.64578
7914,0.87407
7915,0.8591
7916,0.20375
7917,0.41894
7918,0.16007
7919,0.04358
7920,0.97569
7921,0.28457
7922,0.10081
7923,0.53924
7924,0.68104
7925,0.61104
7926,0.16387
7927,0.40254
7928,0.89797
7929,0.27086
7930,0.28422
7931,0.85154
7932,0.7462
7933,0.06529
7934,0.2928
7935,0.27499
7936,0.55362
7937,0.22907
7938,0.73176
7939,0.40311
7940,0.29631
7941,0.95035
7942,0.29521
7943,0.93159
7944,0.87555
7945,0.01524
7946,0.11464
7947,0.75364
7948,0.00451
7949,0.50822
7950,0.8213
7951,0.27193
7952,0.49083
7953,0.601
7954,0.80474
7955,0.92653
7956,0.53735
7957,0.01756
7958,0.90392
7959,0.35309
7960,0.49308
7961,0.60186
7962,0.79731
7963,0.244
7964,0.0039
7965,0.29783
7966,0.85826
7967,0.25665
7968,0.3079
7969,0.24332
7970,0.56699
7971,0.86303
7972,0.56649
7973,0.88654
7974,0.32825
7975,0.10121
7976,0.90245
7977,0.89842
7978,0.08111
7979,0.64194
7980,0.46313
7981,0.30163
7982,0.81319
7983,0.8588
7984,0.00504
7985,0.93296
7986,0.83224
7987,0.91676
7988,0.02929
7989,0.9349
7990,0.62251
7991,0.33581
7992,0.65768
7993,0.58578
7994,0.85147
7995,0.54826
7996,0.85697
7997,0.1238
7998,0.81542
7999,0.15692
8000,0.09329
8001,0.00827
8002,0.42988
8003,0.73006
8004,0.63993
8005,0.93485
8006,0.02723
8007,0.85413
8008,0.57161
8009,0.60101
8010,0.95664
8011,0.81011
8012,0.51562
8013,0.82733
8014,0.60747
8015,0.72013
8016,0.75242
8017,0.32819
8018,0.87193
8019,0.71374
8020,0.38051
8021,0.97851
8022,0.31204
8023,0.93674
8024,0.101
8025,0.65138
8026,0.64422
8027,0.76065
8028,0.93159
8029,0.91593
8030,0.73593
8031,0.97149
8032,0.85804
8033,0.10939
8034,0.94454
8035,0.87912
8036,0.00339
8037,0.80966
8038,0.66141
8039,0.4116
8040,0.07095
8041,0.27353
8042,0.40618
8043,0.48874
8044,0.05722
8045,0.95102
8046,0.65295
8047,0.03708
8048,0.72804
8049,0.9289
8050,0.94512
8051,0.35476
8052,0.48205
8053,0.09147
8054,0.13598
8055,0.95039
8056,0.10791
8057,0.94056
8058,0.29791
8059,0.75759
8060,0.35438
8061,0.91284
8062,0.81207
8063,0.96426
8064,0.16506
8065,0.74857
8066,0.28707
8067,0.88658
8068,0.77548
8069,0.16759
8070,0.95838
8071,0.84348
8072,0.23981
8073,0.40493
8074,0.66362
8075,0.47935
8076,0.66561
8077,0.69904
8078,0.40321
8079,0.19351
8080,0.11146
8081,0.75339
8082,0.90008
8083,0.72175
8084,0.59111
8085,0.20927
8086,0.63621
8087,0.88538
8088,0.82773
8089,0.11978
8090,0.60423
8091,0.36418
8092,6e-05
8093,0.9106
8094,0.05262
8095,0.54656
8096,0.92817
8097,0.75577
8098,0.02393
8099,0.00473
8100,0.54017
8101,0.03392
8102,0.81456
8103,0.01943
8104,0.00021
8105,0.85921
8106,0.2014
8107,0.88705
8108,0.94727
8109,0.89851
8110,0.91704
8111,0.13917
8112,0.04929
8113,0.30991
8114,0.66331
8115,0.02819
8116,0.11288
8117,0.85857
8118,0.532
8119,0.26543
8120,0.98947
8121,0.63322
8122,0.93248
8123,0.80079
8124,0.66756
8125,0.28212
8126,0.86955
8127,0.02718
8128,0.03429
8129,0.65092
8130,0.76134
8131,0.85472
8132,0.10219
8133,0.49231
8134,0.35802
8135,0.58087
8136,0.03213
8137,0.00942
8138,0.94669
8139,0.92152
8140,0.75685
8141,0.05224
8142,0.65582
8143,0.27333
8144,0.98228
8145,0.78917
8146,0.79406
8147,0.16666
8148,0.57312
8149,0.35842
8150,0.05826
8151,0.80702
8152,0.02954
8153,0.953
8154,0.4924
8155,0.93427
8156,0.85291
8157,0.91859
8158,0.7428
8159,0.82301
8160,0.9074
8161,0.40094
8162,0.98599
8163,0.73018
8164,0.17457
8165,0.12647
8166,0.78282
8167,0.94427
8168,0.95885
8169,0.44497
8170,0.84553
8171,0.81433
8172,0.88024
8173,0.5858
8174,0.17913
8175,0.95409
8176,0.72286
8177,0.96002
8178,0.92843
8179,0.19367
8180,0.89342
8181,0.11598
8182,0.19844
8183,0.22318
8184,0.86456
8185,0.34875
8186,0.85541
8187,0.80711
8188,0.66483
8189,0.90519
8190,0.52154
8191,0.04291
8192,0.27417
8193,0.43846
8194,0.84248
8195,0.98075
8196,0.5972
8197,0.45743
8198,0.98475
8199,0.06288
8200,0.62576
8201,0.75396
8202,0.45983
8203,0.21964
8204,0.71185
8205,0.04875
8206,0.0495
8207,0.00366
8208,0.87988
8209,0.16292
8210,0.76716
8211,0.01
8212,0.82599
8213,0.98645
8214,0.01898
8215,0.04164
8216,0.73472
8217,0.09798
8218,0.64704
8219,0.83978
8220,0.04853
8221,0.84747
8222,0.93176
8223,0.0568
8224,0.00559
8225,0.14717
8226,0.49881
8227,0.9236
8228,0.83969
8229,0.7311
8230,0.00585
8231,0.98038
8232,0.01525
8233,0.75151
8234,0.02025
8235,0.72898
8236,0.0786
8237,0.42506
8238,0.95273
8239,0.29798
8240,0.89957
8241,0.93217
8242,0.78122
8243,0.66804
8244,0.61783
8245,0.76056
8246,0.92565
8247,0.87053
8248,0.84296
8249,0.00286
8250,0.90012
8251,0.87156
8252,0.69842
8253,0.34973
8254,0.10328
8255,0.67566
8256,0.7836
8257,0.32316
8258,0.5145
8259,0.21472
8260,0.92039
8261,0.29047
8262,0.20127
8263,0.44525
8264,0.35093
8265,0.72294
8266,0.05871
8267,0.91736
8268,0.74451
8269,0.85209
8270,0.57835
8271,0.57183
8272,0.00364
8273,0.24436
8274,0.8159
8275,0.10455
8276,0.84203
8277,0.66719
8278,0.9783
8279,0.01458
8280,0.49563
8281,0.97958
8282,0.46475
8283,0.00408
8284,0.83849
8285,0.96918
8286,0.53979
8287,0.66559
8288,0.32581
8289,0.96784
8290,0.74516
8291,0.42265
8292,0.97123
8293,0.68662
8294,0.1262
8295,0.77256
8296,0.78206
8297,0.88683
8298,0.56439
8299,0.76501
8300,0.45525
8301,0.80335
8302,0.87441
8303,0.11338
8304,0.84291
8305,0.741
8306,0.25569
8307,0.87237
8308,0.84554
8309,0.06694
8310,0.93572
8311,0.56117
8312,0.08611
8313,0.25465
8314,0.82154
8315,0.16108
8316,0.07056
8317,0.87553
8318,0.03628
8319,0.83636
8320,0.79332
8321,0.97262
8322,0.01744
8323,0.0388
8324,0.23532
8325,0.51077
8326,0.3389
8327,0.86909
8328,0.64378
8329,0.07975
8330,0.92987
8331,0.52093
8332,0.63503
8333,0.58444
8334,0.3573
8335,0.59669
8336,0.04009
8337,0.24614
8338,0.94812
8339,0.84931
8340,0.92543
8341,0.57951
8342,0.0636
8343,0.04826
8344,0.70064
8345,0.68164
8346,0.78223
8347,0.76419
8348,0.00301
8349,0.63018
8350,0.21338
8351,0.64613
8352,0.79601
8353,0.82405
8354,0.74858
8355,0.41141
8356,0.6561
8357,0.82203
8358,0.09457
8359,0.07818
8360,0.04762
8361,0.77708
8362,0.61242
8363,0.70031
8364,0.04364
8365,0.63745
8366,0.19245
8367,0.73759
8368,0.15289
8369,0.17614
8370,0.94431
8371,0.80974
8372,0.91293
8373,0.03748
8374,0.35253
8375,0.86469
8376,0.91443
8377,0.98769
8378,0.79457
8379,0.89293
8380,0.10607
8381,0.80895
8382,0.25295
8383,0.80518
8384,0.86323
8385,0.26424
8386,0.06329
8387,0.38728
8388,0.48514
8389,0.47488
8390,0.02136
8391,0.15788
8392,0.12201
8393,0.67214
8394,0.09159
8395,0.57642
8396,0.94985
8397,0.66926
8398,0.27342
8399,0.61292
8400,0.02993
8401,0.00595
8402,0.80413
8403,0.39437
8404,0.65262
8405,0.98225
8406,0.17207
8407,0.83994
8408,0.79564
8409,0.63526
8410,0.62096
8411,0.94587
8412,0.89452
8413,0.55992
8414,0.11173
8415,0.21798
8416,0.04694
8417,0.3786
8418,0.78504
8419,0.09464
8420,0.93828
8421,0.69709
8422,0.76
8423,0.66907
8424,0.84275
8425,0.89143
8426,0.78592
8427,0.22164
8428,0.58884
8429,0.08519
8430,0.02859
8431,0.57783
8432,0.00943
8433,0.86935
8434,0.7265
8435,0.44452
8436,0.34124
8437,0.24375
8438,0.50758
8439,0.85662
8440,0.01061
8441,0.87614
8442,0.8528
8443,0.63889
8444,0.93813
8445,0.72974
8446,0.86494
8447,0.00035
8448,0.74246
8449,0.9748
8450,0.65264
8451,0.37811
8452,0.72082
8453,0.01112
8454,0.6294
8455,0.84664
8456,0.64142
8457,0.98004
8458,0.8598
8459,0.73904
8460,0.04904
8461,0.95395
8462,0.16442
8463,0.83898
8464,0.81868
8465,0.24314
8466,0.00153
8467,0.16124
8468,0.78946
8469,0.68167
8470,0.39044
8471,0.78753
8472,0.87628
8473,0.8403
8474,0.7672
8475,0.77998
8476,0.88516
8477,0.58579
8478,0.79797
8479,0.08349
8480,0.00045
8481,0.87498
8482,0.85676
8483,0.69682
8484,0.53787
8485,0.94388
8486,0.83845
8487,0.46538
8488,0.98277
8489,0.91939
8490,0.01867
8491,0.31845
8492,0.0017
8493,0.76165
8494,0.54762
8495,0.52133
8496,0.22686
8497,0.84624
8498,0.98337
8499,0.78702
8500,0.30357
8501,0.93957
8502,0.50808
8503,0.12121
8504,0.97886
8505,0.14538
8506,0.0506
8507,0.64947
8508,0.00442
8509,0.92097
8510,0.91682
8511,0.77016
8512,0.77288
8513,0.89822
8514,0.53574
8515,0.02735
8516,0.8045
8517,0.00224
8518,0.07996
8519,0.77695
8520,0.88049
8521,0.6207
8522,0.8966
8523,0.97282
8524,0.72425
8525,0.75793
8526,0.48571
8527,0.01911
8528,0.03141
8529,0.10958
8530,0.17417
8531,0.85078
8532,0.09098
8533,0.97017
8534,0.88096
8535,0.25603
8536,0.72632
8537,0.85459
8538,0.54835
8539,0.84016
8540,0.51308
8541,0.83686
8542,0.02646
8543,0.40149
8544,0.02287
8545,0.6911
8546,0.82926
8547,0.7103
8548,0.81265
8549,0.67422
8550,0.11036
8551,0.75083
8552,0.43386
8553,0.91003
8554,0.14606
8555,0.55149
8556,0.70967
8557,0.28759
8558,0.80316
8559,0.75532
8560,0.9288
8561,0.95575
8562,0.27394
8563,0.01746
8564,0.50026
8565,0.70982
8566,0.79751
8567,0.94608
8568,0.72138
8569,0.87715
8570,0.92088
8571,0.95812
8572,0.98814
8573,0.02359
8574,0.67121
8575,0.43124
8576,0.53072
8577,0.61102
8578,0.96641
8579,0.92338
8580,0.33003
8581,0.8784
8582,0.92823
8583,0.45084
8584,0.88892
8585,0.98092
8586,0.36027
8587,0.93436
8588,0.30835
8589,0.03621
8590,0.00014
8591,0.30645
8592,0.75153
8593,0.75444
8594,0.03735
8595,0.06777
8596,0.25661
8597,0.24384
8598,0.02391
8599,0.84186
8600,0.13225
8601,0.0262
8602,0.89993
8603,0.91977
8604,0.26618
8605,0.95659
8606,0.87734
8607,0.16819
8608,0.62241
8609,0.19776
8610,0.57515
8611,0.91121
8612,0.01063
8613,0.45497
8614,0.08795
8615,0.13563
8616,0.42102
8617,0.00816
8618,0.84432
8619,0.89452
8620,0.89745
8621,0.03623
8622,0.00502
8623,0.86046
8624,0.00695
8625,0.88399
8626,0.00187
8627,0.32061
8628,0.5362
8629,0.35111
8630,0.47868
8631,0.92033
8632,0.63647
8633,0.04948
8634,0.82539
8635,0.15677
8636,0.03016
8637,0.85336
8638,0.55729
8639,0.00058
8640,0.6797
8641,0.80822
8642,0.00062
8643,0.80952
8644,0.00997
8645,0.13487
8646,0.92872
8647,0.76456
8648,0.78347
8649,0.01605
8650,0.01498
8651,0.41579
8652,0.01768
8653,0.58109
8654,0.88905
8655,0.3606
8656,0.88597
8657,0.70232
8658,0.74078
8659,0.55064
8660,0.88658
8661,0.86295
8662,0.74855
8663,0.73545
8664,0.43937
8665,0.69577
8666,0.04105
8667,0.85142
8668,0.02359
8669,0.94575
8670,0.51789
8671,0.87301
8672,0.72424
8673,0.02541
8674,0.3871
8675,0.62951
8676,0.48447
8677,0.85981
8678,0.00066
8679,0.91873
8680,0.44689
8681,0.69884
8682,0.51043
8683,0.75869
8684,0.10809
8685,0.40195
8686,0.11713
8687,0.76534
8688,0.35543
8689,0.00047
8690,0.96468
8691,0.94657
8692,0.79378
8693,0.74488
8694,0.90174
8695,0.48315
8696,0.05046
8697,0.32263
8698,0.68258
8699,0.11707
8700,0.94738
8701,0.24446
8702,0.87042
8703,0.00762
8704,0.0813
8705,0.80441
8706,0.96402
8707,0.01084
8708,0.20885
8709,0.8241
8710,0.91504
8711,0.70361
8712,0.82626
8713,0.45291
8714,0.74397
8715,0.17912
8716,0.2286
8717,0.96012
8718,0.64717
8719,0.69072
8720,0.91563
8721,0.29759
8722,0.27393
8723,0.69865
8724,0.54278
8725,0.9521
8726,0.95692
8727,0.00837
8728,0.41454
8729,0.00387
8730,0.29816
8731,0.99168
8732,0.00268
8733,0.60331
8734,0.94563
8735,0.64251
8736,0.82292
8737,0.51119
8738,0.90269
8739,0.79696
8740,0.87166
8741,0.40107
8742,0.66903
8743,0.26203
8744,0.72541
8745,0.15621
8746,0.03278
8747,0.43926
8748,0.72364
8749,0.52852
8750,0.95043
8751,0.67636
8752,0.87629
8753,0.6623
8754,0.06889
8755,0.9626
8756,0.90386
8757,0.6595
8758,0.78058
8759,0.58476
8760,0.66391
8761,0.84138
8762,0.89044
8763,0.92171
8764,0.83539
8765,0.71325
8766,0.85554
8767,0.931
8768,0.82309
8769,0.02857
8770,0.60306
8771,0.75929
8772,0.29216
8773,0.91138
8774,0.01996
8775,0.0638
8776,0.91866
8777,0.98461
8778,0.06598
8779,0.86541
8780,0.96667
8781,0.90152
8782,0.77039
8783,0.94233
8784,0.04479
8785,0.00998
8786,0.82141
8787,0.10883
8788,0.89235
8789,0.74762
8790,0.84075
8791,0.88571
8792,0.63165
8793,0.88758
8794,0.74138
8795,0.78628
8796,0.89621
8797,0.01532
8798,0.00553
8799,0.40317
8800,0.7456
8801,0.02887
8802,0.1778
8803,0.67462
8804,0.18961
8805,0.80618
8806,0.83568
8807,0.80479
8808,0.01371
8809,0.93093
8810,0.07068
8811,0.78142
8812,0.61525
8813,0.52254
8814,0.32871
8815,0.22315
8816,0.4552
8817,0.5488
8818,0.065
8819,0.01262
8820,0.80094
8821,0.07711
8822,0.68774
8823,0.76763
8824,0.69986
8825,0.75188
8826,0.00309
8827,0.39758
8828,0.89903
8829,0.09102
8830,0.33077
8831,0.69822
8832,0.67883
8833,0.11109
8834,0.67678
8835,0.49599
8836,0.09988
8837,0.03783
8838,0.65851
8839,0.72612
8840,0.13894
8841,0.70894
8842,0.35955
8843,0.80068
8844,0.86107
8845,0.03355
8846,0.15275
8847,0.86688
8848,0.54538
8849,0.35636
8850,0.02807
8851,0.63455
8852,0.67174
8853,0.72267
8854,0.94138
8855,0.87654
8856,0.70682
8857,0.71525
8858,0.96865
8859,0.91279
8860,0.88043
8861,0.88513
8862,0.74249
8863,0.80691
8864,0.0023
8865,0.69018
8866,0.00174
8867,0.34164
8868,0.9425
8869,0.0691
8870,0.85488
8871,0.66951
8872,0.63889
8873,0.62621
8874,0.7775
8875,0.02239
8876,0.63012
8877,0.10447
8878,0.8468
8879,0.00287
8880,0.90953
8881,0.40549
8882,0.76543
8883,0.59082
8884,0.91295
8885,0.2845
8886,0.74172
8887,0.16064
8888,0.00055
8889,0.6177
8890,0.23837
8891,0.66379
8892,0.04663
8893,0.01092
8894,0.92824
8895,0.81886
8896,0.97048
8897,0.77989
8898,0.25726
8899,0.91547
8900,0.01422
8901,0.08873
8902,0.00659
8903,0.01949
8904,0.27501
8905,0.90859
8906,0.43388
8907,0.64397
8908,0.82742
8909,0.01516
8910,0.00466
8911,0.15155
8912,0.0004
8913,0.44795
8914,0.86075
8915,0.26894
8916,0.59428
8917,0.37797
8918,0.71676
8919,0.09292
8920,0.95049
8921,0.31728
8922,0.81101
8923,0.74757
8924,0.24897
8925,0.7357
8926,0.1757
8927,0.03444
8928,0.46373
8929,0.73748
8930,0.54611
8931,0.86846
8932,0.0001
8933,0.75314
8934,0.84365
8935,0.8721
8936,0.01205
8937,0.79993
8938,0.8364
8939,0.68065
8940,0.97191
8941,0.93101
8942,0.75634
8943,0.69725
8944,0.00013
8945,0.90514
8946,0.16795
8947,0.72357
8948,0.55494
8949,0.38067
8950,0.79428
8951,0.93748
8952,0.80387
8953,0.1502
8954,0.30024
8955,0.0906
8956,0.44217
8957,0.65512
8958,0.8398
8959,0.52071
8960,0.039
8961,0.76682
8962,0.00459
8963,0.97556
8964,0.67834
8965,0.42258
8966,0.01487
8967,0.25228
8968,0.97083
8969,0.10624
8970,0.2626
8971,0.00302
8972,0.16987
8973,0.20135
8974,0.95214
8975,0.61231
8976,0.40885
8977,0.91452
8978,0.06222
8979,0.84328
8980,0.72277
8981,0.58983
8982,0.90003
8983,0.55415
8984,0.50911
8985,0.07483
8986,0.03479
8987,0.9754
8988,0.94005
8989,0.17769
8990,0.94084
8991,0.10998
8992,0.11294
8993,0.08789
8994,0.00358
8995,0.12623
8996,0.59791
8997,0.41537
8998,0.00531
8999,0.86002
9000,0.96906
9001,0.00608
9002,0.56576
9003,0.17803
9004,0.90828
9005,0.82997
9006,0.75507
9007,0.0027
9008,0.68894
9009,0.58583
9010,0.40674
9011,0.85118
9012,0.46875
9013,0.86103
9014,0.00575
9015,0.81036
9016,0.63914
9017,0.03583
9018,0.03423
9019,0.90373
9020,0.00374
9021,0.12744
9022,0.8268
9023,0.01846
9024,0.88742
9025,0.88046
9026,0.7034
9027,0.58702
9028,0.59959
9029,0.00059
9030,0.27827
9031,0.71322
9032,0.01432
9033,0.00627
9034,0.9803
9035,0.8948
9036,0.00182
9037,0.50094
9038,0.21569
9039,0.78061
9040,0.61346
9041,0.5868
9042,0.63393
9043,0.54715
9044,0.65617
9045,0.8768
9046,0.89978
9047,0.85221
9048,0.10485
9049,0.92022
9050,0.86037
9051,0.2973
9052,0.01094
9053,0.64682
9054,0.87237
9055,0.41519
9056,0.64573
9057,0.01125
9058,0.7171
9059,0.16066
9060,0.85048
9061,0.76706
9062,0.12029
9063,0.12145
9064,0.93342
9065,0.74372
9066,0.63478
9067,0.90917
9068,0.81003
9069,0.00338
9070,0.9021
9071,0.0055
9072,0.06461
9073,0.76428
9074,0.34175
9075,0.26452
9076,0.11808
9077,0.55673
9078,0.81542
9079,0.04972
9080,0.64013
9081,0.70079
9082,0.23547
9083,0.1486
9084,0.13877
9085,0.90112
9086,0.61312
9087,0.62496
9088,0.01891
9089,0.94657
9090,0.96263
9091,0.01052
9092,0.95321
9093,0.90345
9094,0.50728
9095,0.53831
9096,0.03717
9097,0.38729
9098,0.57396
9099,0.63534
9100,0.25233
9101,0.744
9102,0.87079
9103,0.90387
9104,0.9029
9105,0.89109
9106,0.86027
9107,0.69401
9108,0.00862
9109,0.73503
9110,0.05298
9111,0.6235
9112,0.14766
9113,0.23119
9114,0.47638
9115,0.52407
9116,0.63803
9117,0.84933
9118,0.72881
9119,0.97741
9120,0.92776
9121,0.57749
9122,0.90018
9123,0.89442
9124,0.75881
9125,0.77284
9126,0.76172
9127,0.59908
9128,0.84386
9129,0.99766
9130,0.08379
9131,0.75373
9132,0.92911
9133,0.91037
9134,0.92696
9135,0.87814
9136,0.01551
9137,0.58601
9138,0.9468
9139,0.65034
9140,0.70823
9141,0.16245
9142,0.53368
9143,0.07342
9144,0.93447
9145,0.79512
9146,0.92365
9147,0.91368
9148,0.0084
9149,0.71438
9150,0.01798
9151,0.95289
9152,0.00447
9153,0.13407
9154,0.75783
9155,0.95203
9156,0.4726
9157,0.83862
9158,0.30918
9159,0.95652
9160,0.92363
9161,0.879
9162,0.88363
9163,0.5861
9164,0.9539
9165,0.00107
9166,0.75182
9167,0.7143
9168,0.84263
9169,0.03366
9170,0.78679
9171,0.83559
9172,0.72677
9173,0.04817
9174,0.81589
9175,0.77641
9176,0.67031
9177,0.80464
9178,0.00793
9179,0.15209
9180,0.81338
9181,0.26053
9182,0.76707
9183,0.80678
9184,0.81532
9185,0.86023
9186,0.92106
9187,0.89817
9188,0.03192
9189,0.10291
9190,0.8672
9191,0.84533
9192,0.11913
9193,0.69652
9194,0.91349
9195,0.04107
9196,0.76823
9197,0.98516
9198,0.63885
9199,0.85105
9200,0.90026
9201,0.20222
9202,0.73407
9203,0.56253
9204,0.90518
9205,0.78527
9206,0.9545
9207,0.80702
9208,0.02094
9209,0.8905
9210,0.82066
9211,0.88311
9212,0.01917
9213,0.87269
9214,0.67055
9215,0.91043
9216,0.56498
9217,0.64931
9218,0.89886
9219,0.01875
9220,0.55806
9221,0.46424
9222,0.87179
9223,0.59053
9224,0.96075
9225,0.50946
9226,0.73753
9227,0.97127
9228,0.80138
9229,0.95977
9230,0.86334
9231,0.82689
9232,0.03188
9233,0.844
9234,0.03933
9235,0.75773
9236,0.78508
9237,0.14983
9238,0.8329
9239,0.86939
9240,0.58298
9241,0.22864
9242,0.64059
9243,0.71127
9244,0.56593
9245,0.89211
9246,0.66855
9247,0.06646
9248,0.87152
9249,0.78844
9250,0.80426
9251,0.85417
9252,0.18122
9253,0.84963
9254,0.99288
9255,0.02692
9256,0.17382
9257,0.95288
9258,0.92867
9259,0.69213
9260,0.98181
9261,0.02619
9262,0.09822
9263,0.73434
9264,0.8166
9265,0.73502
9266,0.03971
9267,0.03113
9268,0.94153
9269,0.06588
9270,0.91351
9271,0.41539
9272,0.8256
9273,0.76107
9274,0.82189
9275,0.9789
9276,0.02693
9277,0.1766
9278,0.14153
9279,0.09761
9280,0.73499
9281,0.64227
9282,0.65927
9283,0.63541
9284,0.34233
9285,0.0146
9286,0.05223
9287,0.70496
9288,0.08205
9289,0.87799
9290,0.61171
9291,0.89365
9292,0.25739
9293,0.07233
9294,0.03198
9295,0.00787
9296,0.65436
9297,0.94428
9298,0.00126
9299,0.47743
9300,0.33693
9301,0.86961
9302,0.86865
9303,0.36656
9304,0.01531
9305,0.28794
9306,0.08255
9307,0.33238
9308,0.16651
9309,0.43615
9310,0.66905
9311,0.78772
9312,2e-05
9313,0.85033
9314,0.49377
9315,0.77841
9316,0.83882
9317,0.94396
9318,0.06596
9319,0.99382
9320,0.16657
9321,0.81743
9322,0.79885
9323,0.83799
9324,0.86026
9325,0.41665
9326,0.90106
9327,0.01119
9328,0.38532
9329,0.77918
9330,0.01134
9331,0.94385
9332,0.66887
9333,0.53531
9334,0.7476
9335,0.0059
9336,0.21072
9337,0.77596
9338,0.86973
9339,0.79682
9340,0.01048
9341,0.44616
9342,0.36775
9343,0.77929
9344,0.05919
9345,0.76507
9346,0.0093
9347,6e-05
9348,0.64417
9349,0.93673
9350,0.96038
9351,0.50023
9352,0.29163
9353,0.32478
9354,0.85061
9355,0.37485
9356,0.79757
9357,0.19413
9358,0.05779
9359,0.69609
9360,0.85913
9361,0.00206
9362,0.88026
9363,0.95516
9364,0.82813
9365,0.95614
9366,0.5931
9367,0.06798
9368,0.02175
9369,0.90444
9370,0.80499
9371,0.89635
9372,0.19151
9373,0.7429
9374,0.01198
9375,0.09277
9376,0.68322
9377,0.8598
9378,0.83432
9379,0.11495
9380,0.83701
9381,0.85592
9382,0.00254
9383,0.96012
9384,0.69949
9385,0.35119
9386,0.94814
9387,0.24817
9388,0.00053
9389,0.38117
9390,0.36271
9391,0.00501
9392,0.4186
9393,0.41116
9394,0.11207
9395,0.07695
9396,0.38493
9397,0.0335
9398,0.48284
9399,0.58521
9400,0.88628
9401,0.86585
9402,0.90386
9403,0.23216
9404,0.7632
9405,0.71877
9406,0.50388
9407,0.39903
9408,0.00305
9409,0.53507
9410,0.75356
9411,0.94479
9412,0.45393
9413,0.06961
9414,0.90711
9415,0.51303
9416,0.73811
9417,0.01463
9418,0.61125
9419,0.07018
9420,0.75574
9421,0.84765
9422,0.00907
9423,0.65039
9424,0.71846
9425,0.85884
9426,0.69724
9427,0.5265
9428,0.83967
9429,0.00344
9430,0.95266
9431,0.7458
9432,0.61433
9433,0.0297
9434,0.92054
9435,0.71132
9436,0.62358
9437,0.68026
9438,0.67439
9439,0.57333
9440,0.18432
9441,0.519
9442,0.79618
9443,0.20258
9444,0.73947
9445,0.55887
9446,0.72526
9447,0.74867
9448,0.05801
9449,0.95024
9450,0.61861
9451,0.00317
9452,0.65775
9453,0.6363
9454,0.25398
9455,0.03352
9456,0.68846
9457,0.11818
9458,0.14954
9459,0.35909
9460,0.00377
9461,0.94675
9462,0.52865
9463,0.02886
9464,0.18814
9465,0.04836
9466,0.01819
9467,0.90287
9468,0.02236
9469,0.45078
9470,0.00715
9471,0.76807
9472,0.66828
9473,0.78249
9474,0.90479
9475,0.41628
9476,0.89455
9477,0.04888
9478,0.93677
9479,0.90597
9480,0.86686
9481,0.90249
9482,0.38258
9483,0.05416
9484,0.98021
9485,0.02145
9486,0.75881
9487,0.80146
9488,0.17848
9489,0.70002
9490,0.87216
9491,0.59327
9492,0.06712
9493,0.89314
9494,0.86435
9495,0.04342
9496,0.0339
9497,0.72471
9498,0.77387
9499,0.63125
9500,0.75097
9501,0.64237
9502,0.75096
9503,0.0286
9504,0.74749
9505,0.65749
9506,0.94276
9507,0.44148
9508,0.91723
9509,0.17962
9510,0.79277
9511,0.65744
9512,0.43922
9513,0.96499
9514,0.82449
9515,0.90803
9516,0.80844
9517,0.86117
9518,0.03813
9519,0.80912
9520,0.63616
9521,0.84756
9522,0.94057
9523,0.04859
9524,0.02382
9525,0.03826
9526,0.70561
9527,0.68636
9528,0.69991
9529,0.92364
9530,0.16079
9531,0.00981
9532,0.21925
9533,0.05431
9534,0.02109
9535,0.80862
9536,0.3617
9537,0.89988
9538,0.8149
9539,0.07723
9540,0.02755
9541,0.69091
9542,0.13831
9543,0.25231
9544,0.01446
9545,0.1943
9546,0.71143
9547,0.04215
9548,0.80078
9549,0.86889
9550,0.0159
9551,0.95694
9552,0.00215
9553,0.02368
9554,0.44505
9555,0.78628
9556,0.91348
9557,0.55701
9558,0.28679
9559,0.69577
9560,0.97935
9561,0.03645
9562,0.853
9563,0.67628
9564,0.96149
9565,0.01063
9566,0.63888
9567,0.05218
9568,0.05041
9569,0.52924
9570,0.85852
9571,0.93148
9572,0.06395
9573,0.9138
9574,0.1349
9575,0.79766
9576,0.82683
9577,0.56133
9578,0.61168
9579,0.8107
9580,0.51282
9581,0.26293
9582,0.14539
9583,0.52321
9584,0.00746
9585,0.36173
9586,0.85451
9587,0.17992
9588,0.00177
9589,0.94529
9590,0.2849
9591,0.2639
9592,0.87192
9593,0.01177
9594,0.80086
9595,0.23639
9596,0.01157
9597,0.55114
9598,0.68256
9599,0.87051
9600,0.3667
9601,0.69986
9602,0.93911
9603,0.82276
9604,0.02095
9605,0.00734
9606,0.44356
9607,0.08663
9608,0.7857
9609,0.0033
9610,0.38477
9611,0.05665
9612,0.07199
9613,0.89288
9614,0.39341
9615,7e-05
9616,0.00117
9617,0.36687
9618,0.75585
9619,0.45774
9620,0.5822
9621,0.04094
9622,0.90302
9623,0.64307
9624,0.27189
9625,0.09815
9626,0.42535
9627,0.66457
9628,0.66629
9629,0.11576
9630,0.69445
9631,0.4311
9632,0.62491
9633,0.65347
9634,0.76517
9635,0.89711
9636,0.75549
9637,0.68757
9638,0.14688
9639,0.60073
9640,0.00351
9641,0.32595
9642,0.00489
9643,0.64129
9644,0.3167
9645,0.01274
9646,0.31567
9647,0.9389
9648,0.13681
9649,0.97342
9650,0.40211
9651,0.85599
9652,0.05058
9653,0.92087
9654,0.01789
9655,0.19005
9656,0.06092
9657,0.33299
9658,0.68963
9659,0.29425
9660,0.875
9661,0.00726
9662,0.07257
9663,0.87557
9664,0.70269
9665,0.5922
9666,0.2139
9667,0.4676
9668,0.0408
9669,0.88708
9670,0.48995
9671,0.86051
9672,0.05688
9673,0.02448
9674,0.00642
9675,0.94509
9676,0.93134
9677,0.06151
9678,0.02799
9679,0.9295
9680,0.12451
9681,0.81855
9682,0.75725
9683,0.87859
9684,0.87288
9685,0.77987
9686,0.98543
9687,0.95991
9688,0.16115
9689,0.4815
9690,0.64716
9691,0.41443
9692,0.132
9693,0.24438
9694,0.57155
9695,0.13176
9696,0.00807
9697,0.83821
9698,0.82761
9699,0.02176
9700,0.83303
9701,0.37925
9702,0.82835
9703,0.94818
9704,0.99194
9705,0.89491
9706,0.59182
9707,0.0744
9708,0.16513
9709,0.71567
9710,0.95401
9711,0.245
9712,0.90841
9713,0.35434
9714,0.1174
9715,0.87763
9716,0.03264
9717,0.32242
9718,0.70087
9719,0.2935
9720,0.80763
9721,0.99487
9722,0.47363
9723,0.00107
9724,0.85335
9725,0.44331
9726,0.78265
9727,0.91304
9728,0.96984
9729,0.18091
9730,0.27047
9731,0.05083
9732,0.89408
9733,0.09038
9734,0.48171
9735,0.88319
9736,0.76226
9737,0.82544
9738,0.57882
9739,0.00491
9740,0.97449
9741,0.81748
9742,0.71912
9743,0.25698
9744,0.04077
9745,0.38637
9746,0.05284
9747,0.85717
9748,0.139
9749,0.24927
9750,0.84888
9751,0.14025
9752,0.63756
9753,0.17953
9754,0.64919
9755,0.83408
9756,0.0035
9757,0.08042
9758,0.88098
9759,0.70673
9760,0.45152
9761,0.06363
9762,0.95564
9763,0.19939
9764,0.48987
9765,0.79562
9766,0.82648
9767,0.01186
9768,0.88779
9769,0.5589
9770,0.91794
9771,0.90402
9772,0.4945
9773,0.52422
9774,0.03499
9775,0.00031
9776,0.81324
9777,0.23131
9778,0.85177
9779,0.67427
9780,0.89629
9781,0.85927
9782,0.04317
9783,0.89922
9784,0.89764
9785,0.35107
9786,0.90494
9787,0.6662
9788,0.7936
9789,0.00319
9790,0.17982
9791,0.72611
9792,0.14061
9793,0.82636
9794,0.0202
9795,0.72413
9796,0.7027
9797,0.90871
9798,0.50414
9799,0.63569
9800,0.10794
9801,0.15188
9802,0.91692
9803,0.65252
9804,0.93468
9805,0.7266
9806,0.81773
9807,0.54509
9808,0.71752
9809,0.7009
9810,0.78571
9811,0.86693
9812,0.82049
9813,0.27862
9814,0.19078
9815,0.70975
9816,0.84887
9817,0.37263
9818,0.02512
9819,0.56537
9820,0.72924
9821,0.66965
9822,0.05598
9823,0.21823
9824,0.15361
9825,0.01929
9826,0.58247
9827,0.13079
9828,0.82845
9829,0.47533
9830,0.59658
9831,0.78268
9832,0.7649
9833,0.27268
9834,0.60767
9835,0.81844
9836,0.58312
9837,0.77271
9838,0.96233
9839,0.07167
9840,0.64694
9841,0.94948
9842,0.72108
9843,0.99313
9844,0.0272
9845,0.89859
9846,0.46067
9847,0.93189
9848,0.30754
9849,0.22825
9850,0.3974
9851,0.75479
9852,0.07287
9853,0.00122
9854,0.69803
9855,0.88405
9856,0.34493
9857,0.1971
9858,0.0019
9859,0.89589
9860,0.43457
9861,0.73501
9862,0.85449
9863,0.60824
9864,0.76213
9865,0.23557
9866,0.04015
9867,0.94404
9868,0.86946
9869,0.10802
9870,0.92757
9871,0.29257
9872,0.7765
9873,0.84618
9874,0.37305
9875,0.04
9876,8e-05
9877,0.89729
9878,0.90499
9879,0.1723
9880,0.68808
9881,0.03652
9882,0.59913
9883,0.40912
9884,0.142
9885,0.33061
9886,0.77857
9887,0.36198
9888,0.75907
9889,0.1869
9890,0.71787
9891,0.41791
9892,0.15708
9893,0.47956
9894,0.95466
9895,0.44179
9896,0.06111
9897,0.28345
9898,0.6439
9899,0.76114
9900,0.25348
9901,0.76904
9902,0.74193
9903,0.00382
9904,0.8153
9905,0.93773
9906,0.1194
9907,0.71754
9908,0.70909
9909,0.77132
9910,0.12458
9911,0.00879
9912,0.02519
9913,0.97532
9914,0.51942
9915,0.72302
9916,0.8112
9917,0.64629
9918,0.02198
9919,0.72932
9920,0.13987
9921,0.89034
9922,0.79239
9923,0.18674
9924,0.09626
9925,0.66615
9926,0.77774
9927,0.72106
9928,0.6019
9929,0.53022
9930,0.0201
9931,0.62199
9932,0.01058
9933,0.0084
9934,0.62259
9935,0.78382
9936,0.73064
9937,0.52855
9938,0.62773
9939,0.0109
9940,0.79393
9941,0.00076
9942,0.90941
9943,0.3194
9944,0.83513
9945,0.79405
9946,0.97885
9947,0.67432
9948,0.19123
9949,0.85166
9950,0.7943
9951,0.52131
9952,0.20331
9953,0.01304
9954,0.67278
9955,0.67709
9956,0.83032
9957,0.00896
9958,0.48012
9959,0.40114
9960,0.01558
9961,0.77826
9962,0.90941
9963,0.93724
9964,0.02064
9965,0.0781
9966,0.90045
9967,0.7468
9968,0.44631
9969,0.79297
9970,0.87686
9971,0.00022
9972,0.15217
9973,0.0567
9974,0.97632
9975,0.07516
9976,0.6642
9977,0.51516
9978,0.96487
9979,0.67444
9980,0.32304
9981,0.11433
9982,0.1844
9983,0.6192
9984,0.00062
9985,0.78974
9986,0.89591
9987,0.82162
9988,0.48928
9989,0.20761
9990,0.90179
9991,0.82248
9992,0.56338
9993,0.00134
9994,0.8106
9995,0.00555
9996,0.82296
9997,0.55086
9998,0.78058
9999,0.42687
10000,0.59674
10001,0.05433
10002,0.76164
10003,0.70749
10004,0.76111
10005,0.83505
10006,0.91097
10007,0.6408
10008,0.8359
10009,0.49547
10010,0.90596
10011,0.97088
10012,0.28769
10013,0.46766
10014,0.21714
10015,0.93921
10016,0.94828
10017,0.54412
10018,0.13114
10019,0.41561
10020,0.60591
10021,0.04933
10022,0.02019
10023,0.97113
10024,0.83041
10025,0.04631
10026,0.48079
10027,0.00082
10028,0.90446
10029,0.94364
10030,0.16809
10031,0.64474
10032,0.59051
10033,0.94084
10034,0.94482
10035,0.74315
10036,0.8809
10037,0.61938
10038,0.00023
10039,0.78177
10040,0.01638
10041,0.7726
10042,0.02034
10043,0.61943
10044,0.84282
10045,0.88739
10046,0.00738
10047,0.03855
10048,0.23133
10049,0.79366
10050,0.18552
10051,0.74132
10052,0.20831
10053,0.06725
10054,0.7964
10055,0.35047
10056,0.02059
10057,0.94641
10058,0.52589
10059,0.77059
10060,0.01469
10061,0.91728
10062,0.28137
10063,0.93179
10064,0.65814
10065,0.75291
10066,0.39543
10067,0.63668
10068,0.87994
10069,0.50127
10070,0.96835
10071,0.85123
10072,0.28598
10073,0.85011
10074,0.2918
10075,0.01897
10076,0.89116
10077,0.62917
10078,0.70943
10079,0.4819
10080,0.55081
10081,0.98089
10082,0.6922
10083,0.71836
10084,0.84784
10085,0.74451
10086,0.79829
10087,0.36363
10088,0.89712
10089,0.79875
10090,0.18724
10091,0.49787
10092,0.94645
10093,0.72618
10094,0.03797
10095,0.07065
10096,0.86124
10097,0.38627
10098,0.9957
10099,0.54779
10100,0.90902
10101,0.94182
10102,0.59913
10103,0.86848
10104,0.78605
10105,0.01525
10106,0.52477
10107,0.08282
10108,0.77745
10109,0.02493
10110,0.81001
10111,0.00766
10112,0.406
10113,0.88295
10114,0.88095
10115,0.01536
10116,0.00901
10117,0.50803
10118,0.67835
10119,0.25896
10120,0.93435
10121,0.88564
10122,0.64872
10123,0.67809
10124,0.81201
10125,0.29349
10126,0.01445
10127,0.80623
10128,0.42098
10129,0.38887
10130,0.04426
10131,0.32664
10132,0.196
10133,0.09082
10134,0.00452
10135,0.40362
10136,0.29367
10137,0.16316
10138,0.89056
10139,0.21134
10140,0.93537
10141,0.64141
10142,0.38728
10143,0.85358
10144,0.03013
10145,0.69098
10146,0.90949
10147,0.17206
10148,0.01899
10149,0.86271
10150,0.36281
10151,0.11212
10152,0.51371
10153,0.00661
10154,0.19757
10155,0.82556
10156,0.90369
10157,0.12767
10158,0.7001
10159,0.00286
10160,0.01664
10161,0.7751
10162,0.01716
10163,0.0631
10164,0.90779
10165,0.78653
10166,0.91038
10167,0.98965
10168,0.15108
10169,0.91285
10170,0.10476
10171,0.88361
10172,0.92141
10173,0.18089
10174,0.96556
10175,0.50423
10176,0.83562
10177,2e-05
10178,0.76893
10179,0.28756
10180,0.42947
10181,0.11056
10182,0.85474
10183,0.04251
10184,0.88453
10185,0.02151
10186,0.38496
10187,0.15878
10188,0.01736
10189,0.77047
10190,0.84267
10191,0.70595
10192,0.44863
10193,0.92007
10194,0.83828
10195,0.07659
10196,0.73966
10197,0.89653
10198,0.09329
10199,0.92456
10200,0.8117
10201,0.08335
10202,0.7437
10203,0.88359
10204,0.59921
10205,0.89673
10206,0.95541
10207,0.90835
10208,0.83883
10209,0.89969
10210,0.21257
10211,0.53336
10212,0.89305
10213,0.52891
10214,0.92833
10215,0.99533
10216,0.56056
10217,0.66992
10218,0.19186
10219,0.46031
10220,0.79656
10221,0.74059
10222,0.69096
10223,0.77948
10224,0.90166
10225,0.86005
10226,0.80142
10227,0.72683
10228,0.05716
10229,0.77631
10230,0.40435
10231,0.00043
10232,0.00583
10233,0.87717
10234,0.66905
10235,0.73959
10236,0.55738
10237,0.34189
10238,0.26446
10239,0.67217
10240,0.76328
10241,0.91292
10242,0.12376
10243,0.08037
10244,0.58377
10245,0.00249
10246,0.8412
10247,0.19608
10248,0.80954
10249,0.29049
10250,0.56691
10251,0.00638
10252,0.6069
10253,0.06687
10254,0.87795
10255,0.0179
10256,0.73508
10257,0.93334
10258,0.68225
10259,0.9539
10260,0.07839
10261,0.78198
10262,0.20562
10263,0.28554
10264,0.91202
10265,0.91841
10266,0.74049
10267,0.92968
10268,0.94349
10269,0.75876
10270,0.7553
10271,0.61378
10272,0.45014
10273,0.39121
10274,0.35854
10275,0.73397
10276,0.16599
10277,0.62278
10278,0.03318
10279,0.34382
10280,0.81859
10281,0.59947
10282,0.96189
10283,0.93513
10284,0.84734
10285,0.29433
10286,0.87944
10287,0.00405
10288,0.85746
10289,0.94652
10290,0.00343
10291,0.5412
10292,0.5082
10293,0.43379
10294,0.03515
10295,0.00465
10296,0.85842
10297,0.66187
10298,0.69545
10299,0.93183
10300,0.37573
10301,0.00731
10302,0.00712
10303,0.90039
10304,0.82892
10305,0.13685
10306,0.0221
10307,0.90145
10308,0.55327
10309,0.86598
10310,0.93279
10311,0.27865
10312,0.01546
10313,0.77095
10314,0.82987
10315,0.07242
10316,0.52816
10317,0.98204
10318,0.87568
10319,0.3574
10320,0.81266
10321,0.00676
10322,0.27908
10323,0.79763
10324,0.46669
10325,0.53275
10326,0.96948
10327,0.78742
10328,0.94268
10329,0.80554
10330,0.00429
10331,0.21098
10332,0.02803
10333,0.93086
10334,0.22058
10335,0.63556
10336,0.08139
10337,0.95794
10338,0.06535
10339,0.065
10340,0.96293
10341,0.69811
10342,0.71345
10343,0.01862
10344,0.09767
10345,0.44733
10346,0.11504
10347,0.72523
10348,0.81844
10349,0.58377
10350,0.19716
10351,0.79898
10352,0.97864
10353,0.48178
10354,0.95421
10355,0.01462
10356,0.48539
10357,0.97183
10358,0.00533
10359,0.06423
10360,0.40005
10361,0.8811
10362,0.51596
10363,0.88233
10364,0.64891
10365,0.08317
10366,0.64763
10367,0.71344
10368,0.42394
10369,0.00971
10370,0.07426
10371,0.39195
10372,0.70811
10373,0.25253
10374,0.00586
10375,0.18207
10376,0.00272
10377,0.47054
10378,0.67294
10379,0.73083
10380,0.51826
10381,0.83399
10382,0.66057
10383,0.00269
10384,0.76851
10385,0.12418
10386,0.99158
10387,0.00351
10388,0.9617
10389,0.48086
10390,0.13365
10391,0.45589
10392,0.92264
10393,0.47043
10394,0.15775
10395,0.45671
10396,0.87709
10397,0.88459
10398,0.06035
10399,0.6455
10400,0.42211
10401,0.4662
10402,0.81082
10403,0.0977
10404,0.60589
10405,0.06662
10406,0.743
10407,0.05399
10408,0.831
10409,0.00464
10410,0.27051
10411,0.00897
10412,0.90562
10413,0.44988
10414,0.11078
10415,0.87449
10416,0.76699
10417,0.43499
10418,0.01189
10419,0.00599
10420,0.75761
10421,0.13076
10422,0.48172
10423,0.84305
10424,0.03273
10425,0.09376
10426,0.97048
10427,0.75054
10428,0.58046
10429,0.69146
10430,0.76111
10431,0.02153
10432,0.23464
10433,0.78124
10434,0.92048
10435,0.03446
10436,0.0077
10437,0.03224
10438,0.03197
10439,0.59757
10440,0.60985
10441,0.99775
10442,0.72426
10443,0.12162
10444,0.73377
10445,0.94306
10446,0.36734
10447,0.45833
10448,0.92637
10449,0.74271
10450,0.80957
10451,0.25877
10452,0.32383
10453,0.00192
10454,0.87383
10455,0.76598
10456,0.48007
10457,0.70744
10458,0.12563
10459,0.76845
10460,0.92031
10461,0.84843
10462,0.21851
10463,0.95749
10464,0.41595
10465,0.03147
10466,0.79997
10467,0.22449
10468,0.20275
10469,0.7757
10470,0.98405
10471,0.00634
10472,0.00739
10473,0.91523
10474,0.89891
10475,0.79652
10476,0.33555
10477,0.70764
10478,0.69371
10479,0.45644
10480,0.02169
10481,0.05497
10482,0.52376
10483,0.00156
10484,0.74301
10485,0.13997
10486,0.26012
10487,0.01241
10488,0.70284
10489,0.90359
10490,0.24101
10491,0.26673
10492,0.41434
10493,0.78992
10494,0.44577
10495,0.24017
10496,0.08524
10497,0.26497
10498,0.94526
10499,0.24557
10500,0.04315
10501,0.0617
10502,0.99405
10503,0.67923
10504,0.67557
10505,0.79388
10506,0.94269
10507,0.53598
10508,0.05137
10509,0.70812
10510,0.74106
10511,0.837
10512,0.75486
10513,0.26542
10514,0.00049
10515,0.2116
10516,0.47555
10517,0.16978
10518,0.28522
10519,0.20824
10520,0.7426
10521,0.13416
10522,0.79522
10523,0.91581
10524,0.96069
10525,0.85811
10526,0.82049
10527,0.26363
10528,0.7594
10529,0.90707
10530,0.87118
10531,0.06145
10532,0.41018
10533,0.84664
10534,0.73023
10535,0.85492
10536,0.03465
10537,0.96845
10538,0.83259
10539,0.13697
10540,0.89652
10541,0.39822
10542,0.71141
10543,0.01333
10544,0.93434
10545,0.7556
10546,0.81436
10547,0.08225
10548,0.12059
10549,0.85994
10550,0.05516
10551,0.73353
10552,0.3391
10553,0.94707
10554,0.54483
10555,0.73987
10556,0.03037
10557,0.86642
10558,0.59687
10559,0.6862
10560,0.90957
10561,0.13194
10562,0.10118
10563,0.0126
10564,0.33156
10565,0.05959
10566,0.77243
10567,0.68731
10568,0.41575
10569,0.89736
10570,0.5568
10571,0.8273
10572,0.21895
10573,0.91433
10574,0.67003
10575,0.72215
10576,0.04848
10577,0.6776
10578,0.60076
10579,0.1294
10580,0.01758
10581,0.13046
10582,0.21113
10583,0.67997
10584,0.76151
10585,0.02413
10586,0.40746
10587,0.8364
10588,0.36561
10589,0.79164
10590,0.71271
10591,0.59136
10592,0.84774
10593,0.08692
10594,0.99254
10595,0.80671
10596,0.93406
10597,0.0541
10598,0.77251
10599,0.91653
10600,0.06366
10601,0.78859
10602,0.74665
10603,0.3703
10604,0.76534
10605,0.86479
10606,0.0156
10607,0.94711
10608,0.92776
10609,0.81891
10610,0.32821
10611,0.91819
10612,0.65766
10613,0.03854
10614,0.59754
10615,0.46664
10616,0.77435
10617,0.42688
10618,0.06009
10619,0.529
10620,0.78472
10621,0.3131
10622,0.1476
10623,0.87577
10624,0.77318
10625,0.20541
10626,0.81841
10627,0.58499
10628,0.81677
10629,0.18057
10630,0.45147
10631,0.68301
10632,0.02538
10633,0.19463
10634,0.00549
10635,0.8324
10636,0.15516
10637,0.79951
10638,0.78234
10639,0.75077
10640,0.92446
10641,0.03489
10642,0.741
10643,0.86842
10644,0.81369
10645,0.01375
10646,0.8771
10647,0.82055
10648,0.89281
10649,0.88357
10650,0.71972
10651,0.92422
10652,0.91739
10653,0.68994
10654,0.04561
10655,0.64392
10656,0.86644
10657,0.1317
10658,0.03142
10659,0.62006
10660,0.76509
10661,0.98576
10662,0.8335
10663,0.54409
10664,0.91192
10665,0.00293
10666,0.82212
10667,0.77153
10668,0.97263
10669,0.05872
10670,0.82406
10671,0.82246
10672,0.00152
10673,0.86865
10674,0.29313
10675,0.79761
10676,0.79688
10677,0.79085
10678,0.28067
10679,0.93621
10680,0.40331
10681,0.0028
10682,0.21539
10683,0.32077
10684,0.90864
10685,0.97804
10686,0.19
10687,0.51593
10688,0.84548
10689,0.8652
10690,0.0595
10691,0.9525
10692,0.00794
10693,0.15502
10694,0.69203
10695,0.90908
10696,0.06304
10697,0.97993
10698,0.05404
10699,0.68089
10700,0.92004
10701,0.00804
10702,0.00263
10703,0.04382
10704,0.57292
10705,0.3714
10706,0.00724
10707,0.45535
10708,0.9727
10709,0.03436
10710,0.914
10711,0.58395
10712,0.0308
10713,0.13649
10714,0.94195
10715,0.2018
10716,0.89715
10717,0.52544
10718,0.30702
10719,0.00103
10720,0.94633
10721,0.91252
10722,0.72947
10723,0.76206
10724,0.00575
10725,0.56551
10726,0.03228
10727,0.02045
10728,0.80294
10729,0.00808
10730,0.53936
10731,0.00344
10732,0.66814
10733,0.06501
10734,0.39936
10735,0.70769
10736,0.49079
10737,0.47661
10738,0.84483
10739,0.00121
10740,0.03056
10741,0.76215
10742,0.07386
10743,0.78916
10744,0.01431
10745,0.97406
10746,0.30221
10747,0.05012
10748,0.6855
10749,0.07737
10750,0.40813
10751,0.94969
10752,0.02125
10753,0.48937
10754,0.87116
10755,0.23815
10756,0.44863
10757,0.79548
10758,0.88954
10759,0.13788
10760,0.96259
10761,0.78552
10762,0.01231
10763,0.78044
10764,0.95061
10765,0.20895
10766,0.88744
10767,0.00231
10768,0.09438
10769,0.95463
10770,0.77777
10771,0.93474
10772,0.66191
10773,0.1395
10774,0.87186
10775,0.95722
10776,0.38783
10777,0.84826
10778,0.94027
10779,0.94629
10780,0.88496
10781,0.00791
10782,0.93189
10783,0.55105
10784,0.56375
10785,0.69931
10786,0.9712
10787,0.00732
10788,0.79453
10789,0.59579
10790,0.2644
10791,0.92727
10792,0.20012
10793,0.76982
10794,0.80548
10795,0.94868
10796,0.6076
10797,0.04651
10798,0.02133
10799,0.4781
10800,0.91504
10801,0.00097
10802,0.14535
10803,0.01756
10804,0.7614
10805,0.85806
10806,0.69597
10807,0.08329
10808,0.93311
10809,0.86416
10810,0.77686
10811,0.15645
10812,0.13028
10813,0.8816
10814,0.90483
10815,0.21558
10816,0.91451
10817,0.36524
10818,0.02078
10819,0.73753
10820,0.95596
10821,0.67212
10822,0.9357
10823,0.75387
10824,0.84014
10825,0.26826
10826,0.67806
10827,0.80781
10828,0.82939
10829,0.55889
10830,0.67426
10831,0.00422
10832,0.9594
10833,0.81589
10834,0.51327
10835,0.64267
10836,0.38259
10837,0.27963
10838,0.64431
10839,0.94898
10840,0.45141
10841,0.27043
10842,0.19049
10843,0.9298
10844,0.63225
10845,0.29611
10846,0.57035
10847,0.48545
10848,0.89469
10849,0.52048
10850,0.90904
10851,0.0336
10852,0.77746
10853,0.02253
10854,0.93778
10855,0.89694
10856,0.00066
10857,0.58916
10858,0.12878
10859,0.92404
10860,0.00403
10861,0.01114
10862,0.92073
10863,0.66631
10864,0.82967
10865,0.65036
10866,0.90557
10867,0.59634
10868,0.85383
10869,0.7572
10870,0.59782
10871,0.84125
10872,0.07149
10873,0.28445
10874,0.93504
10875,0.5542
10876,0.00287
10877,0.05905
10878,0.01096
10879,0.86705
10880,0.17876
10881,0.0063
10882,0.04223
10883,0.92204
10884,0.04186
10885,0.02372
10886,0.86085
10887,0.71087
10888,0.89441
10889,0.75125
10890,0.34536
10891,0.23893
10892,0.836
10893,0.63905
10894,0.62036
10895,0.02074
10896,0.81006
10897,0.92352
10898,0.74237
10899,0.02375
10900,0.0166
10901,0.60394
10902,0.40744
10903,0.63552
10904,0.71106
10905,0.80707
10906,0.40208
10907,0.93534
10908,0.60353
10909,0.00323
10910,0.89741
10911,0.00631
10912,0.89739
10913,0.18197
10914,0.78223
10915,0.64206
10916,0.74766
10917,0.94569
10918,0.92926
10919,0.73778
10920,0.03929
10921,0.83271
10922,0.32138
10923,0.84357
10924,0.84231
10925,0.74751
10926,0.61529
10927,0.61877
10928,0.47374
10929,0.0682
10930,0.01251
10931,0.83426
10932,0.96458
10933,0.16027
10934,0.70375
10935,0.1072
10936,0.00437
10937,0.01539
10938,0.89816
10939,0.6903
10940,0.20598
10941,0.46036
10942,0.95748
10943,0.8024
10944,0.01019
10945,0.60337
10946,0.67298
10947,0.0004
10948,0.7951
10949,0.53523
10950,0.10495
10951,0.34011
10952,0.65945
10953,0.60161
10954,0.5538
10955,0.45058
10956,0.75393
10957,0.9518
10958,0.05193
10959,0.00452
10960,0.70397
10961,0.02093
10962,0.50243
10963,0.93535
10964,0.15366
10965,0.0009
10966,0.12334
10967,0.35901
10968,0.8388
10969,0.18157
10970,0.73715
10971,0.06204
10972,0.30785
10973,0.3493
10974,0.90422
10975,0.31007
10976,0.83955
10977,0.86866
10978,0.93
10979,0.20802
10980,0.37255
10981,0.2184
10982,0.79981
10983,0.63726
10984,0.97116
10985,0.02278
10986,0.77134
10987,0.66414
10988,0.52122
10989,0.0342
10990,0.62412
10991,0.90465
10992,0.07066
10993,0.2128
10994,0.0152
10995,0.69868
10996,0.13195
10997,0.916
10998,0.75757
10999,0.93457
11000,0.7232
11001,0.79854
11002,0.0133
11003,0.51846
11004,0.01536
11005,0.33179
11006,0.65551
11007,0.06621
11008,0.56895
11009,0.19284
11010,0.55885
11011,0.07686
11012,0.66578
11013,0.71145
11014,0.48691
11015,0.58029
11016,0.94151
11017,0.87027
11018,0.9623
11019,0.91389
11020,0.9073
11021,0.53602
11022,0.35514
11023,0.88285
11024,0.0654
11025,0.61849
11026,0.3602
11027,0.73474
11028,0.59138
11029,0.79026
11030,0.18773
11031,0.63347
11032,0.20102
11033,0.02546
11034,0.89396
11035,0.72417
11036,0.02044
11037,0.06131
11038,0.23916
11039,0.90962
11040,0.85108
11041,0.62761
11042,0.02089
11043,0.01147
11044,0.13311
11045,0.16642
11046,0.18111
11047,0.72811
11048,0.64107
11049,0.87917
11050,0.40821
11051,0.8803
11052,0.34374
11053,0.8251
11054,0.29224
11055,0.78056
11056,0.91503
11057,0.68619
11058,0.55223
11059,0.16843
11060,0.08573
11061,0.16728
11062,0.62492
11063,0.72677
11064,0.00036
11065,0.0117
11066,0.7142
11067,0.07033
11068,0.50444
11069,0.72757
11070,0.85064
11071,0.91712
11072,0.04313
11073,0.07646
11074,0.78509
11075,0.92537
11076,0.67237
11077,0.56568
11078,0.00316
11079,0.00237
11080,0.85387
11081,0.96546
11082,0.96422
11083,0.82462
11084,0.48552
11085,0.00343
11086,0.81682
11087,0.96522
11088,0.01858
11089,0.89826
11090,0.93643
11091,0.32983
11092,0.15094
11093,0.71009
11094,0.02499
11095,0.66093
11096,0.95952
11097,0.54632
11098,0.80242
11099,0.19497
11100,0.01538
11101,0.96444
11102,0.26755
11103,0.03022
11104,0.81541
11105,0.10644
11106,0.88088
11107,0.7488
11108,0.84603
11109,0.62412
11110,0.91337
11111,0.79511
11112,0.68634
11113,0.70361
11114,0.76286
11115,0.82484
11116,0.35607
11117,0.94441
11118,0.8756
11119,0.89058
11120,0.00114
11121,0.00549
11122,0.99337
11123,0.69497
11124,0.18654
11125,0.05996
11126,0.63308
11127,0.75239
11128,0.69418
11129,0.93185
11130,0.36267
11131,0.81295
11132,0.34421
11133,0.03063
11134,0.54887
11135,0.7426
11136,0.96896
11137,0.043
11138,0.87692
11139,0.9518
11140,0.03125
11141,0.86861
11142,0.74096
11143,0.0156
11144,0.85812
11145,0.7103
11146,0.56368
11147,0.92679
11148,0.14222
11149,0.02802
11150,0.53526
11151,0.82392
11152,0.14375
11153,0.94249
11154,0.00523
11155,0.54863
11156,0.00995
11157,0.01409
11158,0.70143
11159,0.46042
11160,0.68752
11161,0.90637
11162,0.00028
11163,0.70847
11164,0.81024
11165,0.00738
11166,0.67085
11167,0.6766
11168,0.56916
11169,0.42131
11170,0.00343
11171,0.59983
11172,0.06427
11173,0.81645
11174,0.74883
11175,0.80852
11176,0.71682
11177,0.50349
11178,0.97773
11179,0.86833
11180,0.83
11181,0.93772
11182,0.56725
11183,0.70202
11184,0.13841
11185,0.33907
11186,0.22116
11187,0.86627
11188,0.17886
11189,0.72041
11190,0.7704
11191,0.89472
11192,0.83413
11193,0.04002
11194,0.13707
11195,0.00696
11196,0.13716
11197,0.8645
11198,0.76684
11199,0.88921
11200,0.05043
11201,0.45132
11202,0.00191
11203,0.14113
11204,0.86155
11205,0.38887
11206,0.0226
11207,0.71015
11208,0.73096
11209,0.06658
11210,0.74137
11211,0.87562
11212,0.87956
11213,0.98663
11214,0.0197
11215,0.9484
11216,0.06641
11217,0.97405
11218,0.06777
11219,0.16125
11220,0.80498
11221,0.10713
11222,0.7269
11223,0.86461
11224,0.00598
11225,0.6072
11226,0.73847
11227,0.69351
11228,0.34598
11229,0.15384
11230,0.74233
11231,0.52482
11232,0.86747
11233,0.70164
11234,0.69379
11235,0.71663
11236,0.91955
11237,0.0546
11238,0.05199
11239,0.00071
11240,0.92721
11241,0.78297
11242,0.12474
11243,0.69773
11244,0.03136
11245,0.91018
11246,0.06412
11247,0.07142
11248,0.92367
11249,0.12254
11250,0.21292
11251,0.45229
11252,0.55936
11253,0.15491
11254,0.18842
11255,0.7401
11256,0.92745
11257,0.07089
11258,0.08331
11259,0.01265
11260,0.91482
11261,0.9652
11262,0.64191
11263,0.28845
11264,0.01614
11265,0.07398
11266,0.00178
11267,0.0909
11268,0.7456
11269,0.14947
11270,0.76857
11271,0.0137
11272,0.01376
11273,0.00708
11274,0.84529
11275,0.89381
11276,0.24002
11277,0.40964
11278,0.65941
11279,0.77031
11280,0.7247
11281,0.88736
11282,0.78785
11283,0.03402
11284,0.93785
11285,0.89029
11286,0.0002
11287,0.54798
11288,0.40766
11289,0.05493
11290,0.96656
11291,0.62027
11292,0.02446
11293,0.93484
11294,0.81464
11295,0.79571
11296,0.96552
11297,0.77116
11298,0.11586
11299,0.79305
11300,0.83002
11301,0.00015
11302,0.79165
11303,0.09381
11304,0.5582
11305,0.39988
11306,0.02214
11307,0.86815
11308,0.96513
11309,0.93036
11310,0.49408
11311,0.68916
11312,0.59291
11313,0.14891
11314,0.07851
11315,0.28458
11316,0.02621
11317,0.88267
11318,0.67707
11319,0.28229
11320,0.96549
11321,0.78119
11322,0.83926
11323,0.75284
11324,0.01565
11325,0.81828
11326,0.93952
11327,0.01812
11328,0.75684
11329,0.12378
11330,0.19458
11331,0.1568
11332,0.49449
11333,0.69585
11334,0.83528
11335,0.15949
11336,0.92034
11337,0.61677
11338,0.85687
11339,0.02728
11340,0.93734
11341,0.04454
11342,0.92285
11343,0.71286
11344,0.97803
11345,0.90096
11346,0.05737
11347,0.87165
11348,0.59732
11349,0.41933
11350,0.3347
11351,0.82951
11352,0.43146
11353,0.86786
11354,0.55814
11355,0.92499
11356,0.01044
11357,0.68133
11358,0.05468
11359,0.61981
11360,0.88864
11361,0.0704
11362,0.67324
11363,0.26229
11364,0.83425
11365,0.82936
11366,0.57821
11367,0.76954
11368,0.15877
11369,0.89356
11370,0.57229
11371,0.78159
11372,0.55862
11373,0.00512
11374,0.00795
11375,0.78688
11376,0.95574
11377,0.75403
11378,0.03235
11379,0.77765
11380,0.63217
11381,0.2333
11382,0.0044
11383,0.91788
11384,0.92548
11385,0.03404
11386,0.83636
11387,0.18637
11388,0.26519
11389,0.62824
11390,0.68081
11391,0.02592
11392,0.64374
11393,0.32237
11394,0.03273
11395,0.93986
11396,0.09626
11397,0.21208
11398,0.02299
11399,0.6291
11400,0.7103
11401,0.92619
11402,0.41404
11403,0.8926
11404,0.02724
11405,0.6655
11406,0.51091
11407,0.05853
11408,0.83969
11409,0.39499
11410,0.86182
11411,0.04236
11412,0.18012
11413,0.58102
11414,0.7617
11415,0.11144
11416,0.7618
11417,0.72104
11418,0.77466
11419,0.56436
11420,0.22427
11421,0.57648
11422,0.83277
11423,0.61536
11424,0.64194
11425,0.69038
11426,0.02488
11427,0.81559
11428,0.63703
11429,0.3881
11430,0.36901
11431,0.20126
11432,0.18105
11433,0.00535
11434,0.35441
11435,0.00408
11436,0.45825
11437,0.65605
11438,0.29397
11439,0.90904
11440,0.95986
11441,0.00153
11442,0.15058
11443,0.76832
11444,0.88947
11445,0.90517
11446,0.86779
11447,0.01691
11448,0.95935
11449,0.71671
11450,0.77356
11451,0.35425
11452,0.92418
11453,0.88372
11454,0.59704
11455,0.73231
11456,0.00054
11457,0.37524
11458,0.777
11459,0.19306
11460,0.08911
11461,0.09263
11462,0.81086
11463,0.83437
11464,0.76703
11465,0.00876
11466,0.67038
11467,0.15494
11468,0.53022
11469,0.88537
11470,0.70877
11471,0.66693
11472,0.64766
11473,0.89188
11474,0.69851
11475,0.01983
11476,0.8733
11477,0.22396
11478,0.02391
11479,0.00511
11480,0.53103
11481,0.01034
11482,0.40896
11483,0.00091
11484,0.01828
11485,0.27154
11486,0.03311
11487,0.63874
11488,0.00171
11489,0.50367
11490,0.84442
11491,0.86954
11492,0.742
11493,0.33045
11494,0.37688
11495,0.00093
11496,0.00265
11497,0.02031
11498,0.67354
11499,0.84689
11500,0.89408
11501,0.39469
11502,0.11207
11503,0.01786
11504,0.20873
11505,0.91283
11506,0.3273
11507,0.78371
11508,0.47607
11509,0.46167
11510,0.12292
11511,0.76795
11512,0.00603
11513,0.13977
11514,0.80444
11515,0.67516
11516,0.36079
11517,0.86504
11518,0.81333
11519,0.84151
11520,0.56086
11521,0.87776
11522,0.78962
11523,0.06774
11524,0.00074
11525,0.03537
11526,0.74284
11527,0.34353
11528,0.91696
11529,0.90813
11530,0.88626
11531,0.78964
11532,0.01234
11533,0.32868
11534,0.40472
11535,0.85375
11536,0.06544
11537,0.81889
11538,0.63121
11539,0.86185
11540,0.36012
11541,0.00304
11542,0.95473
11543,0.03054
11544,0.73368
11545,0.14628
11546,0.00526
11547,0.11963
11548,0.00111
11549,0.01379
11550,0.78456
11551,0.09564
11552,0.44078
11553,0.01244
11554,0.54176
11555,0.2556
11556,0.84523
11557,0.9205
11558,0.7718
11559,0.92735
11560,0.74888
11561,0.00577
11562,0.26726
11563,0.24567
11564,0.77402
11565,0.5275
11566,0.2957
11567,0.97979
11568,0.14988
11569,0.00144
11570,0.30706
11571,0.63612
11572,0.35808
11573,0.10005
11574,0.16459
11575,0.84552
11576,0.32614
11577,0.10657
11578,0.44111
11579,0.592
11580,0.0191
11581,0.82133
11582,0.00066
11583,0.27069
11584,0.84875
11585,0.25312
11586,0.44601
11587,0.69398
11588,0.20534
11589,0.68964
11590,0.82575
11591,0.55902
11592,0.00147
11593,0.80618
11594,0.2089
11595,0.70025
11596,0.80271
11597,0.50672
11598,0.85175
11599,0.69569
11600,0.77024
11601,0.42778
11602,0.35673
11603,0.65186
11604,0.13863
11605,0.13083
11606,0.68995
11607,0.83819
11608,0.53313
11609,0.2919
11610,0.11093
11611,0.7698
11612,0.1868
11613,0.92042
11614,0.78519
11615,0.99289
11616,0.93012
11617,0.90119
11618,0.66898
11619,0.6349
11620,0.16859
11621,0.78533
11622,0.2285
11623,0.18374
11624,0.0145
11625,0.02811
11626,0.41667
11627,0.56462
11628,0.91052
11629,0.12487
11630,0.10995
11631,0.55251
11632,0.84413
11633,0.10685
11634,0.03552
11635,0.28914
11636,0.87647
11637,0.4941
11638,0.0748
11639,0.27723
11640,0.95039
11641,0.43739
11642,0.82222
11643,0.71453
11644,0.69372
11645,0.01154
11646,0.88029
11647,0.05029
11648,0.0002
11649,0.10906
11650,0.4804
11651,0.90339
11652,0.87094
11653,0.08545
11654,0.50063
11655,0.13255
11656,0.21661
11657,0.15925
11658,0.74455
11659,0.0091
11660,0.88238
11661,0.76873
11662,0.82291
11663,0.08907
11664,0.56183
11665,0.14899
11666,0.68761
11667,0.48694
11668,0.93479
11669,0.77146
11670,0.14924
11671,0.5921
11672,0.03232
11673,0.35612
11674,0.36686
11675,0.84627
11676,0.97276
11677,0.65644
11678,0.88309
11679,0.8603
11680,0.85747
11681,0.71967
11682,0.02442
11683,0.77191
11684,0.88741
11685,0.00923
11686,0.03974
11687,0.00735
11688,0.33013
11689,0.9652
11690,0.02856
11691,0.70998
11692,0.02016
11693,0.8162
11694,0.23597
11695,0.98034
11696,0.15332
11697,0.06155
11698,0.7467
11699,0.21763
11700,0.93218
11701,0.55779
11702,0.74108
11703,0.0575
11704,0.8568
11705,0.85106
11706,0.94265
11707,0.88311
11708,0.35189
11709,0.89901
11710,0.69961
11711,0.05074
11712,0.71121
11713,0.95443
11714,0.08675
11715,0.96409
11716,0.00508
11717,0.80395
11718,0.89948
11719,0.87534
11720,0.68595
11721,0.01083
11722,0.08451
11723,0.01537
11724,0.73236
11725,0.85045
11726,0.36892
11727,0.08386
11728,0.78225
11729,0.04027
11730,0.01948
11731,0.99834
11732,0.05598
11733,0.9111
11734,0.91284
11735,0.48993
11736,0.84085
11737,0.06848
11738,0.7064
11739,0.65213
11740,0.20221
11741,0.20542
11742,0.05371
11743,0.05242
11744,0.02859
11745,0.76588
